0,CLEC9A,CLEC10A,CD14,nCount_RNA
AAACATACCACTAG-1,0.0,0.0,2.0,658
AAACATACGTTCAG-1,0.0,0.0,3.0,700
AAACATTGACGGTT-1,0.0,0.0,1.0,738
AAACATTGCTTCGC-1,0.0,0.0,0.0,703
AAACATTGGGCAAG-1,0.0,0.0,0.0,1544
AAACATTGTTTGTC-1,0.0,3.0,1.0,2228
AAACGCACGGACTT-1,0.0,0.0,0.0,3836
AAACGGCTACGGAG-1,0.0,0.0,1.0,658
AAACGGCTAGTCAC-1,0.0,0.0,0.0,942
AAACGGCTCAGCTA-1,0.0,0.0,1.0,930
AAAGACGACCGTAA-1,0.0,0.0,0.0,685
AAAGACGACTCGCT-1,0.0,0.0,1.0,632
AAAGACGAGGTAAA-1,0.0,0.0,0.0,645
AAAGACGATCAAGC-1,0.0,0.0,1.0,1220
AAAGATCTTGCATG-1,0.0,0.0,0.0,898
AAAGCAGAGATAGA-1,0.0,0.0,0.0,657
AAAGCCTGCAACCA-1,0.0,0.0,0.0,1385
AAAGCCTGTGCTCC-1,0.0,0.0,0.0,622
AAAGGCCTCGCAAT-1,0.0,0.0,0.0,1119
AAATACTGACAGTC-1,0.0,0.0,3.0,634
AAATACTGACGGTT-1,0.0,0.0,1.0,697
AAATACTGTGGATC-1,0.0,0.0,1.0,5204
AAATCAACTTGTCT-1,0.0,0.0,0.0,822
AAATCATGTAGCGT-1,0.0,0.0,0.0,966
AAATCCCTGCTGTA-1,0.0,0.0,0.0,927
AAATCCCTGTTCTT-1,0.0,0.0,1.0,955
AAATCTGAAACCAC-1,0.0,0.0,6.0,1004
AAATCTGACTCATT-1,0.0,0.0,6.0,1007
AAATCTGAGCTACA-1,0.0,0.0,3.0,696
AAATCTGATCACGA-1,0.0,0.0,0.0,810
AAATGGGAAGTAGA-1,0.0,0.0,2.0,643
AAATGGGACGAATC-1,0.0,0.0,0.0,1280
AAATGGGATAACGC-1,0.0,0.0,0.0,1091
AAATGGGATAGTCG-1,0.0,0.0,1.0,881
AAATGTTGAGAACA-1,0.0,0.0,0.0,741
AAATTGACAGGGTG-1,0.0,1.0,3.0,592
AAATTGACTGGGAG-1,0.0,0.0,2.0,739
AAATTGACTGTCCC-1,0.0,0.0,3.0,1064
AACAAACTCAATCG-1,0.0,0.0,0.0,584
AACAAACTCTTGTT-1,0.0,0.0,6.0,1322
AACACGTGAAGAAC-1,0.0,1.0,1.0,2260
AACACTCTGCGTAT-1,0.0,0.0,0.0,679
AACAGAGACGCTAA-1,0.0,0.0,2.0,600
AACAGAGATCATTC-1,0.0,0.0,1.0,1377
AACAGCACAAGCAA-1,0.0,0.0,0.0,725
AACAGCACGTATCG-1,0.0,0.0,3.0,963
AACATATGACAGTC-1,0.0,0.0,2.0,725
AACATATGCTCCAC-1,0.0,0.0,4.0,629
AACATATGGCAGAG-1,0.0,0.0,1.0,837
AACATATGGTATCG-1,0.0,6.0,1.0,3060
AACATTGATCGATG-1,0.0,0.0,0.0,749
AACCACGAAATGCC-1,0.0,0.0,4.0,781
AACCAGTGCTTCGC-1,0.0,0.0,2.0,886
AACCAGTGGACACT-1,0.0,0.0,0.0,707
AACCAGTGTCCAGA-1,0.0,0.0,3.0,894
AACCCAGACCTTTA-1,0.0,0.0,0.0,705
AACCGATGACCTAG-1,0.0,0.0,4.0,859
AACCGATGGGGATG-1,0.0,0.0,2.0,901
AACCGCCTTCGTGA-1,0.0,0.0,0.0,824
AACCGCCTTGAGAA-1,0.0,0.0,1.0,1082
AACCGCCTTTCACT-1,0.0,0.0,0.0,1167
AACCTACTTGATGC-1,0.0,0.0,1.0,908
AACCTTACGACAGG-1,0.0,0.0,1.0,1027
AACCTTACGCCCTT-1,0.0,0.0,1.0,1380
AACCTTTGTTGTGG-1,0.0,0.0,2.0,809
AACGCAACTAAGGA-1,0.0,0.0,0.0,899
AACGCATGCGTTGA-1,0.0,0.0,1.0,993
AACGCATGCTGAAC-1,0.0,0.0,0.0,644
AACGCCCTCCCAAA-1,0.0,0.0,0.0,879
AACGGTACAAGGCG-1,0.0,0.0,1.0,1496
AACGGTACCTGTGA-1,0.0,0.0,5.0,840
AACGGTACTATGCG-1,0.0,0.0,0.0,729
AACGGTTGGCCATA-1,0.0,0.0,0.0,1425
AACGGTTGTCTACT-1,0.0,0.0,2.0,1264
AACGTCGAAAGTAG-1,0.0,0.0,2.0,803
AACGTCGACTCTTA-1,0.0,0.0,2.0,804
AACGTCGAGGCATT-1,0.0,0.0,2.0,1033
AACGTGTGATTGGC-1,0.0,0.0,0.0,1008
AACGTGTGCCAACA-1,0.0,0.0,2.0,643
AACGTTCTCACTTT-1,0.0,0.0,1.0,1214
AACGTTCTGCGGAA-1,0.0,0.0,2.0,1260
AACGTTCTGGCAAG-1,0.0,0.0,1.0,804
AACTACCTGATACC-1,0.0,0.0,0.0,587
AACTACCTGTCATG-1,0.0,0.0,1.0,728
AACTCACTCGTTGA-1,0.0,0.0,1.0,774
AACTCACTCTTGGA-1,0.0,0.0,0.0,684
AACTCGGAATACCG-1,0.0,0.0,1.0,645
AACTCTTGACTAGC-1,0.0,0.0,0.0,646
AACTCTTGGATGAA-1,0.0,0.0,1.0,806
AACTGTCTAGTGCT-1,0.0,0.0,0.0,756
AACTGTCTCCTTTA-1,0.0,0.0,2.0,784
AACTGTCTTCTAGG-1,0.0,8.0,4.0,4000
AACTTGCTCCTTAT-1,0.0,0.0,0.0,595
AACTTGCTGGAAAT-1,0.0,0.0,0.0,966
AAGAAGACCTTGGA-1,1.0,0.0,0.0,6154
AAGAATCTCTGATG-1,1.0,0.0,1.0,3719
AAGAATCTTACTTC-1,0.0,0.0,4.0,978
AAGAATCTTCTGGA-1,0.0,0.0,1.0,647
AAGACAGACGCAAT-1,0.0,0.0,1.0,1037
AAGAGATGGAAAGT-1,0.0,0.0,1.0,597
AAGATGGATCAGGT-1,0.0,0.0,2.0,1019
AAGATTACAAACGA-1,0.0,0.0,0.0,669
AAGATTACCGAGAG-1,0.0,0.0,0.0,644
AAGATTACTCTAGG-1,0.0,0.0,1.0,838
AAGCAAGATTCTAC-1,0.0,0.0,1.0,694
AAGCACTGATAAGG-1,5.0,1.0,1.0,5953
AAGCACTGGCTAAC-1,0.0,0.0,0.0,674
AAGCCATGGATAAG-1,3.0,0.0,1.0,5652
AAGCCATGTAGAAG-1,2.0,0.0,0.0,4809
AAGCCATGTCGTTT-1,0.0,0.0,2.0,1284
AAGCGTACAACCAC-1,0.0,0.0,3.0,590
AAGCGTACGGAGCA-1,0.0,0.0,2.0,612
AAGCGTACTCCAAG-1,0.0,0.0,0.0,614
AAGGCTACCACTCC-1,0.0,0.0,2.0,1051
AAGGCTACGTGCTA-1,0.0,0.0,0.0,759
AAGGCTTGACCGAT-1,4.0,0.0,0.0,3627
AAGGCTTGCTGATG-1,0.0,0.0,1.0,821
AAGGCTTGGTCTTT-1,3.0,0.0,0.0,6331
AAGGCTTGTCGATG-1,0.0,0.0,0.0,1699
AAGGCTTGTGGAGG-1,0.0,0.0,4.0,964
AAGGTCTGCCTATT-1,0.0,1.0,0.0,907
AAGGTCTGCTCCAC-1,0.0,0.0,4.0,748
AAGGTGCTTAGTCG-1,0.0,0.0,0.0,619
AAGGTGCTTCGTGA-1,0.0,0.0,2.0,1183
AAGTAACTAACGGG-1,0.0,0.0,2.0,891
AAGTAACTGATAGA-1,0.0,0.0,0.0,1107
AAGTAGGAACGGGA-1,0.0,0.0,2.0,590
AAGTAGGAACGTTG-1,0.0,0.0,6.0,939
AAGTAGGAAGTTCG-1,0.0,0.0,0.0,646
AAGTATACACCTTT-1,0.0,0.0,2.0,666
AAGTATACGTGCAT-1,0.0,0.0,2.0,1117
AAGTCCGAAAAACG-1,0.0,0.0,3.0,584
AAGTCCGACACCAA-1,0.0,0.0,0.0,901
AAGTCCGAGCAGTT-1,0.0,1.0,1.0,656
AAGTCTCTGAGCAG-1,0.0,0.0,0.0,593
AAGTCTCTGTCATG-1,0.0,0.0,0.0,630
AAGTCTCTTCGTTT-1,0.0,0.0,2.0,1245
AAGTGCACAGATGA-1,0.0,0.0,3.0,605
AAGTGCACCTGTAG-1,0.0,0.0,0.0,631
AAGTGCACTGCAAC-1,0.0,0.0,0.0,642
AAGTGGCTACGTTG-1,0.0,0.0,0.0,585
AAGTTATGCGAATC-1,0.0,0.0,0.0,777
AAGTTCCTAGATCC-1,0.0,0.0,2.0,1551
AAGTTCCTGGAGGT-1,0.0,0.0,3.0,690
AAGTTCCTGTATGC-1,0.0,0.0,0.0,1048
AAGTTCCTTACTCT-1,0.0,0.0,3.0,920
AAGTTCCTTAGCCA-1,0.0,0.0,0.0,616
AAGTTCCTTCTGGA-1,0.0,0.0,0.0,792
AATAACACTCAAGC-1,0.0,0.0,0.0,5492
AATAACACTTCCCG-1,0.0,0.0,1.0,748
AATAAGCTTTGACG-1,0.0,0.0,0.0,660
AATACTGAAATCGC-1,0.0,0.0,3.0,702
AATACTGACTCCAC-1,0.0,0.0,3.0,782
AATACTGAGACAAA-1,0.0,0.0,2.0,709
AATACTGAGGACAG-1,0.0,0.0,0.0,677
AATACTGAGGAGGT-1,0.0,0.0,0.0,1019
AATAGGGAGGTTAC-1,0.0,0.0,0.0,1135
AATCCGGATCGTGA-1,0.0,0.0,1.0,781
AATCCGGATGAGGG-1,0.0,0.0,1.0,638
AATCCTTGGTAAAG-1,0.0,0.0,2.0,693
AATCTAGACCTTCG-1,0.0,0.0,0.0,957
AATCTAGAGGGTGA-1,0.0,0.0,1.0,707
AATCTCACCGTGAT-1,0.0,0.0,0.0,678
AATCTCACTAGCCA-1,0.0,0.0,1.0,2720
AATCTCTGGTGCTA-1,0.0,0.0,0.0,823
AATGAGGAGTTGTG-1,0.0,0.0,0.0,974
AATGAGGATCTATC-1,0.0,0.0,3.0,1282
AATGATACCTGGAT-1,0.0,0.0,0.0,675
AATGGAGAAAGATG-1,0.0,0.0,4.0,1498
AATGGAGAGCAAGG-1,0.0,0.0,9.0,1664
AATGGAGAGGATTC-1,0.0,0.0,1.0,601
AATGGAGATCTGGA-1,0.0,0.0,0.0,813
AATGTAACGCTATG-1,0.0,0.0,0.0,626
AATGTCCTGACAAA-1,0.0,0.0,1.0,616
AATTACGACTTAGG-1,0.0,0.0,1.0,586
AATTACGATAACGC-1,0.0,0.0,2.0,706
AATTACGATACGCA-1,0.0,0.0,0.0,840
AATTCCTGCAATCG-1,0.0,0.0,2.0,1560
AATTCCTGTCTATC-1,0.0,0.0,1.0,582
AATTCCTGTGTGCA-1,0.0,0.0,0.0,660
AATTGTGATCTCAT-1,0.0,0.0,1.0,593
ACAAAGGAAACCGT-1,0.0,0.0,2.0,800
ACAAAGGACACTAG-1,0.0,0.0,0.0,614
ACAAATTGAACCAC-1,0.0,0.0,1.0,1181
ACAAATTGCTATTC-1,0.0,0.0,1.0,1143
ACAAATTGTTCTGT-1,0.0,0.0,1.0,1220
ACAACCGACGTAGT-1,0.0,0.0,3.0,663
ACAACCGACTGAAC-1,0.0,0.0,0.0,1452
ACAAGAGAACTACG-1,0.0,0.0,0.0,616
ACAAGAGAAGAAGT-1,0.0,0.0,0.0,842
ACAAGAGAGCCATA-1,0.0,0.0,3.0,578
ACAAGAGATCTGGA-1,0.0,0.0,0.0,609
ACAAGAGATTATCC-1,0.0,0.0,1.0,840
ACAAGCACCCAAGT-1,0.0,0.0,2.0,593
ACAAGCACGATAAG-1,0.0,0.0,2.0,932
ACAATAACAATGCC-1,0.0,0.0,1.0,2029
ACAATAACTTCTCA-1,0.0,0.0,5.0,1488
ACAATCCTCGAACT-1,0.0,0.0,1.0,668
ACAATCCTTGCAGT-1,0.0,0.0,0.0,764
ACAATTGACGACTA-1,0.0,0.0,0.0,588
ACACAGACCGTCTC-1,0.0,0.0,2.0,827
ACACAGACTTACTC-1,0.0,0.0,1.0,628
ACACATCTGGCAAG-1,0.0,0.0,1.0,607
ACACCAGAAGCCTA-1,0.0,0.0,0.0,1286
ACACCAGATTCGGA-1,0.0,2.0,1.0,1038
ACACCCTGCCGTTC-1,0.0,0.0,0.0,655
ACACCCTGGGACAG-1,0.0,0.0,0.0,746
ACACGTGACCCTCA-1,0.0,0.0,0.0,607
ACAGACACTCGCAA-1,3.0,0.0,0.0,6152
ACAGACACTGTTTC-1,0.0,0.0,0.0,890
ACAGGTACCTCGCT-1,0.0,0.0,1.0,629
ACAGTCGAATGTCG-1,0.0,0.0,1.0,784
ACAGTGACAGATCC-1,0.0,0.0,0.0,648
ACAGTGACCAGTCA-1,0.0,0.0,0.0,813
ACAGTGACCCCTTG-1,0.0,0.0,3.0,650
ACAGTGACGTTGTG-1,0.0,0.0,0.0,818
ACAGTGTGCGAACT-1,0.0,1.0,1.0,1449
ACAGTGTGTATGCG-1,0.0,0.0,1.0,834
ACAGTGTGTCCGAA-1,0.0,0.0,1.0,786
ACAGTTCTCAAGCT-1,0.0,0.0,1.0,583
ACAGTTCTCGCAAT-1,0.0,0.0,0.0,654
ACAGTTCTGCTGTA-1,0.0,0.0,0.0,817
ACAGTTCTTGGATC-1,0.0,0.0,2.0,916
ACATCACTAGAGGC-1,0.0,0.0,0.0,583
ACATCACTCTCAAG-1,0.0,0.0,1.0,609
ACCAACGAGGAGTG-1,0.0,0.0,2.0,646
ACCAACGATAAGCC-1,0.0,0.0,1.0,866
ACCACCTGTGTCAG-1,0.0,0.0,1.0,861
ACCAGCCTCAGGAG-1,0.0,3.0,1.0,2285
ACCAGTGACAGGAG-1,0.0,0.0,1.0,629
ACCAGTGACTCGCT-1,0.0,0.0,0.0,776
ACCATTACATGCTG-1,0.0,0.0,0.0,636
ACCATTACGCCTTC-1,0.0,0.0,1.0,577
ACCATTTGAACGGG-1,0.0,0.0,0.0,925
ACCATTTGTGGTAC-1,0.0,0.0,0.0,620
ACCCAGCTGCTACA-1,0.0,0.0,1.0,644
ACCCGTACAGGTCT-1,0.0,1.0,1.0,1065
ACCCGTACCAGTTG-1,0.0,0.0,0.0,757
ACCCGTACGTATCG-1,0.0,0.0,1.0,1350
ACCCGTACGTCGAT-1,0.0,0.0,1.0,1039
ACCCGTTGTGCTCC-1,0.0,0.0,0.0,725
ACCGAAACGAAACA-1,0.0,0.0,1.0,2053
ACCGCGGACCAGTA-1,0.0,0.0,3.0,1032
ACCGCGGAGTCAAC-1,0.0,0.0,1.0,733
ACCGTGCTCCACCT-1,0.0,0.0,2.0,970
ACCTATTGTAACGC-1,0.0,0.0,3.0,808
ACCTCCGATCCAGA-1,0.0,0.0,2.0,633
ACCTCGTGACACCA-1,0.0,0.0,0.0,689
ACCTCGTGTGCACA-1,0.0,0.0,1.0,1134
ACCTGGCTCCTCCA-1,1.0,0.0,0.0,4219
ACCTTTGAAGAGGC-1,0.0,0.0,0.0,639
ACGAACTGTCGTTT-1,0.0,0.0,1.0,613
ACGAAGCTTGCATG-1,0.0,0.0,1.0,581
ACGACAACCTAAGC-1,0.0,0.0,2.0,1065
ACGACAACTTGAGC-1,0.0,0.0,1.0,672
ACGACCCTACTGGT-1,0.0,0.0,0.0,957
ACGAGGGAACCCTC-1,0.0,0.0,0.0,728
ACGAGGGACACAAC-1,0.0,0.0,1.0,979
ACGAGGGAGGCGAA-1,0.0,0.0,0.0,604
ACGAGTACCTGATG-1,0.0,0.0,0.0,583
ACGATCGAGAATAG-1,0.0,0.0,0.0,872
ACGATCGATCCAGA-1,0.0,0.0,0.0,798
ACGATCGATGCGTA-1,0.0,0.0,2.0,1162
ACGATGACAACCAC-1,0.0,0.0,0.0,621
ACGATGACGAAACA-1,0.0,0.0,4.0,1433
ACGATTCTGAAACA-1,0.0,0.0,1.0,1106
ACGATTCTTTGTGG-1,0.0,0.0,0.0,1117
ACGCAATGGCTGAT-1,0.0,0.0,1.0,1879
ACGCAATGTGGAGG-1,0.0,0.0,0.0,662
ACGCCACTTTTGCT-1,0.0,0.0,0.0,881
ACGCCGGAAGCATC-1,0.0,0.0,0.0,627
ACGCCGGAATCGTG-1,0.0,0.0,4.0,1126
ACGCCTTGCAAAGA-1,0.0,0.0,1.0,916
ACGCCTTGGACGAG-1,0.0,2.0,1.0,1861
ACGCCTTGTCAGTG-1,0.0,0.0,1.0,858
ACGCGGTGAGCCAT-1,0.0,0.0,0.0,800
ACGCGGTGTCACCC-1,0.0,0.0,0.0,712
ACGCTCACATGTGC-1,0.0,0.0,0.0,968
ACGCTCACCCATAG-1,0.0,0.0,3.0,664
ACGCTCACGAAACA-1,0.0,0.0,9.0,2798
ACGCTGCTGCTATG-1,0.0,0.0,1.0,749
ACGCTGCTGTTTCT-1,0.0,0.0,0.0,619
ACGGAACTTTCCCG-1,0.0,1.0,0.0,781
ACGGCGTGATAAGG-1,0.0,0.0,0.0,921
ACGGCGTGCGCTAA-1,0.0,0.0,0.0,624
ACGGCGTGGGAAGC-1,0.0,0.0,0.0,1092
ACGGCGTGTTCTGT-1,0.0,0.0,0.0,1264
ACGGCTCTAGGGTG-1,0.0,0.0,1.0,683
ACGGCTCTCACTTT-1,0.0,0.0,0.0,1111
ACGGCTCTGAGATA-1,0.0,0.0,1.0,723
ACGGGAGACGAACT-1,0.0,0.0,0.0,609
ACGGTAACTAACGC-1,0.0,0.0,0.0,724
ACGGTATGCGGAGA-1,0.0,0.0,2.0,1115
ACGGTATGGCCATA-1,0.0,0.0,1.0,739
ACGGTATGTAGTCG-1,0.0,0.0,0.0,1095
ACGTAGACGGACGA-1,0.0,0.0,3.0,753
ACGTAGACTCTGGA-1,0.0,0.0,0.0,1546
ACGTCAGACTCGCT-1,0.0,0.0,6.0,1186
ACGTCAGAGCGAGA-1,0.0,0.0,0.0,637
ACGTCCTGAACTGC-1,0.0,0.0,0.0,5606
ACGTCCTGACGGTT-1,0.0,0.0,3.0,901
ACGTCCTGCTAGAC-1,0.0,0.0,1.0,741
ACGTCGCTTTTCAC-1,0.0,0.0,0.0,1268
ACGTGATGCCTGTC-1,0.0,0.0,1.0,1334
ACGTGATGCGAGAG-1,0.0,0.0,0.0,648
ACGTGATGGGTCAT-1,0.0,0.0,0.0,603
ACGTGCCTACCGAT-1,0.0,0.0,0.0,818
ACGTTACTCACACA-1,0.0,0.0,1.0,943
ACGTTACTGAATCC-1,0.0,0.0,2.0,1239
ACGTTACTTAACGC-1,0.0,0.0,0.0,775
ACGTTGGAAAGGGC-1,0.0,0.0,0.0,1096
ACGTTGGACTGTAG-1,0.0,0.0,0.0,646
ACGTTGGAGCGGAA-1,0.0,0.0,1.0,829
ACGTTGGAGCTGAT-1,0.0,0.0,0.0,702
ACGTTTACAAGGTA-1,0.0,0.0,1.0,797
ACGTTTACCTTAGG-1,0.0,0.0,0.0,1265
ACGTTTACTGCTTT-1,0.0,0.0,2.0,1516
ACTAAAACACAGTC-1,1.0,0.0,1.0,6119
ACTAAAACTATGCG-1,0.0,0.0,1.0,1364
ACTACTACGCTTAG-1,0.0,0.0,0.0,4829
ACTAGGTGCTACTT-1,0.0,0.0,0.0,911
ACTAGGTGTCTATC-1,0.0,0.0,0.0,861
ACTATCACATGTGC-1,0.0,0.0,0.0,664
ACTATCACATTCTC-1,0.0,0.0,0.0,611
ACTATCACCGCATA-1,0.0,0.0,3.0,667
ACTATCACCTCCAC-1,0.0,0.0,0.0,726
ACTCAGGAAAGCCT-1,0.0,0.0,1.0,856
ACTCAGGATCCGAA-1,0.0,0.0,5.0,936
ACTCAGGATGCTAG-1,0.0,0.0,2.0,2115
ACTCCTCTCTGGTA-1,0.0,0.0,1.0,891
ACTCGAGACCTGTC-1,7.0,0.0,1.0,5546
ACTCGAGACGCTAA-1,0.0,0.0,0.0,1181
ACTCGAGAGGGCAA-1,0.0,0.0,4.0,1094
ACTCGAGATAGAGA-1,0.0,0.0,2.0,619
ACTCGCACAACCTG-1,0.0,0.0,3.0,647
ACTCTATGAGCATC-1,0.0,0.0,0.0,717
ACTCTATGCGTGAT-1,0.0,0.0,7.0,664
ACTCTATGTGACTG-1,0.0,0.0,2.0,2817
ACTCTCCTAAAACG-1,0.0,0.0,1.0,658
ACTCTCCTACCGAT-1,0.0,0.0,0.0,609
ACTCTCCTCAAGCT-1,0.0,0.0,1.0,1153
ACTCTCCTCAGATC-1,0.0,0.0,1.0,673
ACTCTCCTGGTAAA-1,0.0,2.0,0.0,1666
ACTCTCCTGGTCAT-1,0.0,0.0,1.0,809
ACTCTCCTTGTCAG-1,0.0,0.0,0.0,719
ACTCTCCTTTCGCC-1,0.0,0.0,1.0,678
ACTGAGACAATGCC-1,0.0,0.0,0.0,659
ACTGAGACATCGTG-1,0.0,0.0,0.0,732
ACTGAGACCTCTTA-1,0.0,0.0,2.0,676
ACTGAGACCTGCAA-1,0.0,0.0,0.0,638
ACTGCCACCGTAAC-1,0.0,0.0,0.0,667
ACTGGCCTGAGGGT-1,0.0,1.0,0.0,724
ACTGGCCTGGGTGA-1,0.0,0.0,1.0,727
ACTGTGGAGGTGAG-1,0.0,0.0,3.0,801
ACTGTTACAGGAGC-1,0.0,0.0,2.0,898
ACTGTTACTTTGCT-1,0.0,0.0,0.0,799
ACTTAAGACTATTC-1,0.0,0.0,1.0,2006
ACTTAAGACTGAGT-1,0.0,0.0,3.0,1000
ACTTAAGAGCATAC-1,0.0,0.0,2.0,651
ACTTAGCTGGTAAA-1,0.0,0.0,1.0,708
ACTTCAACTGTTCT-1,1.0,0.0,0.0,3217
ACTTCCCTGCTCCT-1,0.0,0.0,0.0,599
ACTTCTGAGGTTAC-1,4.0,0.0,1.0,6750
ACTTGACTAACTGC-1,2.0,0.0,2.0,4034
ACTTGACTGGTACT-1,0.0,0.0,0.0,586
ACTTGACTGTACAC-1,0.0,0.0,0.0,649
ACTTGACTTGCCCT-1,0.0,0.0,0.0,655
ACTTGGGAACCGAT-1,0.0,3.0,4.0,1265
ACTTGGGACCAACA-1,0.0,1.0,0.0,845
ACTTGGGATACTCT-1,0.0,0.0,3.0,654
ACTTGGGATGTTTC-1,0.0,0.0,0.0,687
ACTTGTACTTTGTC-1,0.0,7.0,4.0,3511
ACTTTGTGCCGATA-1,0.0,0.0,0.0,652
ACTTTGTGCCTCCA-1,0.0,0.0,0.0,1290
ACTTTGTGGCAGAG-1,0.0,0.0,3.0,769
AGAAACGATCGTGA-1,0.0,0.0,0.0,778
AGAAAGTGGCTGAT-1,0.0,0.0,1.0,591
AGAACAGAGCTTAG-1,0.0,0.0,0.0,1378
AGAAGATGGGAGTG-1,0.0,0.0,1.0,926
AGAAGATGTCGTTT-1,0.0,0.0,3.0,692
AGAATACTACTGGT-1,0.0,0.0,3.0,1126
AGAATACTCCGAAT-1,0.0,0.0,2.0,629
AGAATACTCCTTCG-1,0.0,0.0,1.0,653
AGAATACTTGTCAG-1,0.0,0.0,4.0,729
AGAATTTGACCACA-1,0.0,0.0,2.0,1661
AGAATTTGACCATG-1,0.0,0.0,2.0,1599
AGAATTTGTCTATC-1,0.0,0.0,1.0,604
AGACACACATTGGC-1,0.0,0.0,0.0,578
AGACACACGTAGGG-1,0.0,0.0,0.0,584
AGACACTGTAGCCA-1,0.0,0.0,2.0,760
AGACGTACCCATGA-1,0.0,0.0,0.0,595
AGACGTACCCGTTC-1,0.0,0.0,2.0,722
AGACTCGAAATGCC-1,0.0,0.0,0.0,722
AGACTTCTAGAACA-1,0.0,0.0,0.0,750
AGACTTCTCAGTCA-1,0.0,0.0,1.0,676
AGACTTCTGAGGCA-1,0.0,0.0,0.0,652
AGACTTCTGGACGA-1,0.0,2.0,1.0,3980
AGAGAAACCCCTAC-1,0.0,0.0,0.0,683
AGAGAATGCTAAGC-1,0.0,10.0,0.0,3067
AGAGATGACTAGAC-1,0.0,0.0,0.0,962
AGAGATGAGAAACA-1,0.0,0.0,0.0,960
AGAGATGAGCTCCT-1,0.0,0.0,3.0,644
AGAGATGATGCTAG-1,0.0,0.0,0.0,611
AGAGCGGAAGGAGC-1,0.0,0.0,0.0,851
AGAGCGGAGGAACG-1,0.0,0.0,0.0,652
AGAGCTACACTCTT-1,0.0,0.0,0.0,598
AGAGCTACCCCTCA-1,0.0,0.0,1.0,1053
AGAGCTACGGGAGT-1,0.0,0.0,1.0,1195
AGAGGTCTCTTTAC-1,0.0,1.0,1.0,1629
AGAGGTCTTGGTGT-1,0.0,0.0,2.0,870
AGAGTCACGGACGA-1,0.0,0.0,1.0,777
AGAGTGCTCCAGTA-1,0.0,0.0,0.0,1073
AGAGTGCTCTGGAT-1,0.0,0.0,0.0,4753
AGAGTGCTCTGTAG-1,0.0,0.0,3.0,1009
AGATATTGACACCA-1,0.0,0.0,3.0,991
AGATATTGGATGAA-1,0.0,0.0,1.0,766
AGATATTGTAGCGT-1,0.0,0.0,0.0,596
AGATTAACCAGATC-1,0.0,0.0,0.0,635
AGATTAACGCCAAT-1,6.0,0.0,0.0,5882
AGATTAACTCTTAC-1,0.0,0.0,0.0,831
AGATTAACTTTGTC-1,0.0,0.0,1.0,792
AGATTCCTTCTCGC-1,0.0,0.0,0.0,917
AGCAAAGATGTCGA-1,0.0,0.0,1.0,1586
AGCAAAGATTGTCT-1,0.0,0.0,3.0,585
AGCAACACCGTCTC-1,0.0,0.0,3.0,1078
AGCAACACTCTCCG-1,0.0,0.0,1.0,777
AGCACAACTGTGAC-1,0.0,0.0,1.0,762
AGCACTGATCGTGA-1,0.0,0.0,1.0,4761
AGCATCGAGAGATA-1,0.0,0.0,0.0,1034
AGCATGACAAGTAG-1,0.0,0.0,1.0,755
AGCATTCTCGACTA-1,0.0,0.0,0.0,731
AGCATTCTCGTACA-1,0.0,0.0,0.0,835
AGCATTCTTTCTGT-1,3.0,0.0,0.0,5656
AGCCAATGTAGCGT-1,0.0,0.0,5.0,664
AGCCACCTGTATGC-1,0.0,0.0,0.0,776
AGCCACCTGTTTCT-1,0.0,0.0,1.0,1142
AGCCACCTTCAGGT-1,0.0,0.0,2.0,684
AGCCGGACAGGAGC-1,0.0,0.0,1.0,918
AGCCGGACTGGATC-1,0.0,0.0,1.0,803
AGCCGGTGCAGAGG-1,0.0,0.0,0.0,614
AGCCTCACCTGGTA-1,0.0,0.0,1.0,697
AGCCTCACTGCAAC-1,0.0,0.0,0.0,1429
AGCGAACTAAGGTA-1,0.0,0.0,0.0,711
AGCGAACTAGCGTT-1,0.0,0.0,0.0,764
AGCGATACCGTAAC-1,0.0,0.0,1.0,762
AGCGATACGGAGGT-1,0.0,0.0,0.0,827
AGCGATACGTCAAC-1,0.0,0.0,1.0,917
AGCGATTGTCTCAT-1,0.0,0.0,1.0,584
AGCGCCGAACACAC-1,0.0,0.0,2.0,728
AGCGCCGACTGACA-1,0.0,0.0,0.0,1028
AGCGCCGATAGCCA-1,0.0,0.0,2.0,1534
AGCGGCACTTGCAG-1,1.0,0.0,0.0,6831
AGCGGCTGCTTAGG-1,0.0,0.0,7.0,840
AGCGTAACCGACTA-1,0.0,0.0,0.0,718
AGCTCGCTTGCTTT-1,0.0,0.0,1.0,644
AGCTGAACTGTTTC-1,0.0,0.0,2.0,1323
AGCTGCCTTCGATG-1,0.0,0.0,1.0,846
AGCTGTGAGAACTC-1,0.0,0.0,0.0,1406
AGCTGTGATCAGGT-1,0.0,0.0,1.0,714
AGCTGTGATGAGCT-1,0.0,0.0,0.0,1153
AGCTTACTCGCAAT-1,0.0,0.0,1.0,666
AGCTTACTCGGGAA-1,0.0,0.0,1.0,654
AGCTTACTGGAGGT-1,0.0,0.0,2.0,909
AGCTTTACAAGGGC-1,0.0,0.0,1.0,813
AGCTTTACTCACGA-1,0.0,0.0,0.0,863
AGGAAATGAGTAGA-1,0.0,0.0,1.0,779
AGGAAATGATTCCT-1,0.0,0.0,1.0,820
AGGAACCTAGGGTG-1,0.0,0.0,2.0,621
AGGAACCTCCCTCA-1,0.0,0.0,1.0,627
AGGAACCTCGTAAC-1,0.0,0.0,1.0,607
AGGAATGAGAACTC-1,0.0,0.0,1.0,1111
AGGACACTCAGATC-1,0.0,1.0,0.0,1994
AGGACTTGAAACAG-1,0.0,0.0,0.0,613
AGGACTTGAGATCC-1,0.0,0.0,0.0,4087
AGGACTTGCATTTC-1,0.0,0.0,3.0,686
AGGACTTGTCGACA-1,0.0,0.0,0.0,1027
AGGACTTGTCTATC-1,0.0,0.0,0.0,601
AGGATAGAACCCAA-1,0.0,0.0,0.0,605
AGGATAGAACCCTC-1,0.0,0.0,1.0,765
AGGATAGACACACA-1,0.0,0.0,0.0,696
AGGATAGACCCTCA-1,0.0,0.0,0.0,641
AGGATAGACTGACA-1,0.0,0.0,4.0,825
AGGATGCTATAAGG-1,0.0,0.0,4.0,837
AGGATGCTTCCGAA-1,0.0,0.0,4.0,896
AGGCAACTCAGATC-1,0.0,0.0,0.0,827
AGGCAGGAACCTAG-1,0.0,0.0,0.0,686
AGGCAGGACCTTGC-1,0.0,0.0,1.0,653
AGGCAGGAGGCGAA-1,0.0,0.0,1.0,998
AGGCTAACAGTTCG-1,0.0,0.0,1.0,697
AGGCTAACCTGTAG-1,0.0,0.0,3.0,794
AGGCTAACCTTGCC-1,0.0,0.0,0.0,1005
AGGCTAACTGCTCC-1,2.0,0.0,1.0,5672
AGGGAGTGGCGGAA-1,0.0,0.0,0.0,789
AGGGCCACTTTCAC-1,0.0,0.0,1.0,1754
AGGGCCTGAACAGA-1,0.0,0.0,1.0,631
AGGGCGCTCCAACA-1,0.0,0.0,0.0,860
AGGGCGCTTCCCGT-1,0.0,0.0,1.0,896
AGGGTGGACTGTGA-1,0.0,0.0,1.0,660
AGGGTGGAGGCGAA-1,0.0,0.0,0.0,668
AGGGTGGATCGTAG-1,0.0,0.0,2.0,838
AGGGTGGATGTCGA-1,0.0,0.0,0.0,707
AGGTACACTGACTG-1,0.0,0.0,2.0,928
AGGTACTGGCGGAA-1,0.0,0.0,0.0,958
AGGTCATGCTCCAC-1,0.0,0.0,1.0,612
AGGTCATGCTTGTT-1,0.0,0.0,0.0,627
AGGTCTGACCCTCA-1,0.0,1.0,0.0,1397
AGGTGTTGATGTGC-1,0.0,0.0,2.0,1095
AGGTTGTGCCTAAG-1,0.0,0.0,5.0,1249
AGGTTGTGGTCAAC-1,0.0,0.0,3.0,861
AGGTTGTGTAGCCA-1,0.0,0.0,1.0,824
AGTAAGGACTGATG-1,0.0,0.0,0.0,880
AGTAAGGATGGTTG-1,0.0,7.0,0.0,4976
AGTAAGGATTATCC-1,0.0,0.0,0.0,1379
AGTAATACAGAAGT-1,0.0,0.0,1.0,692
AGTAATACCACAAC-1,0.0,0.0,0.0,755
AGTAATACCCCACT-1,0.0,0.0,0.0,1190
AGTAATTGAAGGCG-1,2.0,0.0,0.0,4727
AGTAATTGACGACT-1,0.0,0.0,2.0,1034
AGTAATTGGGTAAA-1,0.0,0.0,0.0,808
AGTACGTGAAGAAC-1,0.0,0.0,1.0,705
AGTACTCTGCCTTC-1,0.0,0.0,0.0,814
AGTAGGCTCTGGAT-1,0.0,0.0,3.0,922
AGTATAACGTAAGA-1,0.0,0.0,4.0,1873
AGTATCCTAGTACC-1,0.0,0.0,2.0,1146
AGTATCCTCAGTCA-1,0.0,0.0,1.0,843
AGTATCCTGCCCTT-1,0.0,0.0,0.0,585
AGTATCCTGCGGAA-1,0.0,0.0,3.0,816
AGTATCCTGGTGTT-1,0.0,0.0,1.0,732
AGTCACGAAGAGAT-1,0.0,0.0,1.0,708
AGTCACGACAGGAG-1,0.0,10.0,0.0,7940
AGTCACGACTTTAC-1,0.0,0.0,0.0,2449
AGTCAGACTCGTTT-1,0.0,0.0,0.0,591
AGTCCAGAACCCAA-1,0.0,0.0,1.0,692
AGTCGAACGAGGGT-1,0.0,0.0,0.0,636
AGTCGCCTCTCTAT-1,0.0,0.0,2.0,1027
AGTCTACTCAGATC-1,0.0,0.0,2.0,619
AGTCTACTCTTGAG-1,0.0,0.0,3.0,970
AGTCTACTGGAGCA-1,0.0,0.0,0.0,654
AGTCTACTGTGAGG-1,0.0,0.0,1.0,601
AGTCTACTGTTGCA-1,0.0,0.0,3.0,653
AGTCTTACCCACAA-1,0.0,0.0,0.0,974
AGTGAAGATGTGCA-1,0.0,0.0,0.0,913
AGTGAAGATTCTAC-1,0.0,0.0,0.0,2198
AGTGACACAACGGG-1,0.0,0.0,3.0,1484
AGTGACACATGCTG-1,0.0,0.0,3.0,1012
AGTGACACCACTAG-1,0.0,0.0,1.0,616
AGTGACACCCTAAG-1,0.0,0.0,0.0,1000
AGTGACACGGGAGT-1,0.0,0.0,0.0,610
AGTGACTGCTCCCA-1,0.0,0.0,0.0,724
AGTGCAACCGAACT-1,0.0,0.0,0.0,624
AGTGTGACCATGAC-1,0.0,0.0,0.0,575
AGTGTGACTAAAGG-1,0.0,0.0,0.0,607
AGTGTTCTCTTGGA-1,0.0,0.0,0.0,815
AGTTAAACTCCGTC-1,0.0,0.0,0.0,1344
AGTTAAACTCCTTA-1,0.0,0.0,2.0,2814
AGTTATGACTGCTC-1,0.0,0.0,1.0,814
AGTTATGAGCGGAA-1,0.0,0.0,0.0,799
AGTTCTACAGGTTC-1,0.0,0.0,0.0,732
AGTTCTACCCGTAA-1,0.0,0.0,1.0,590
AGTTCTACGGTGAG-1,0.0,0.0,1.0,743
AGTTCTTGACCAGT-1,0.0,0.0,0.0,965
AGTTCTTGCTATTC-1,0.0,0.0,3.0,636
AGTTCTTGCTGAAC-1,0.0,0.0,0.0,743
AGTTGTCTGGTGAG-1,0.0,0.0,0.0,1511
AGTTTAGAAGTCGT-1,0.0,0.0,0.0,763
AGTTTAGATCCTAT-1,0.0,0.0,4.0,580
AGTTTCACTGACTG-1,0.0,0.0,0.0,766
AGTTTGCTCGTTGA-1,0.0,0.0,0.0,730
ATAAACACTTAGGC-1,0.0,0.0,0.0,873
ATAACAACCAGAAA-1,0.0,0.0,0.0,698
ATAACAACCAGTTG-1,0.0,0.0,1.0,979
ATAACAACTTTCAC-1,0.0,0.0,0.0,579
ATAACATGCATCAG-1,0.0,2.0,1.0,3301
ATAACCCTTACTCT-1,0.0,0.0,0.0,987
ATAAGTACGTCGTA-1,0.0,0.0,2.0,1235
ATAAGTTGCGTAAC-1,0.0,0.0,0.0,892
ATAATGACACGACT-1,0.0,0.0,0.0,591
ATAATGACAGAAGT-1,0.0,0.0,0.0,669
ATAATGACAGCAAA-1,0.0,0.0,1.0,1924
ATAATGACCTATGG-1,0.0,0.0,0.0,729
ATAATGACTCCCAC-1,0.0,0.0,2.0,632
ATACAATGATTGGC-1,0.0,2.0,0.0,4651
ATACAATGTGTGAC-1,0.0,0.0,0.0,934
ATACCACTAAGAAC-1,0.0,0.0,2.0,869
ATACGGACAGCAAA-1,0.0,0.0,0.0,807
ATACGGACCTAGAC-1,0.0,0.0,0.0,624
ATACGGACTCGCTC-1,0.0,0.0,0.0,798
ATACGTCTAAACAG-1,0.0,0.0,3.0,1021
ATACGTCTACAGTC-1,0.0,0.0,2.0,1134
ATACGTCTATCTCT-1,0.0,0.0,3.0,986
ATACTCTGCCATAG-1,0.0,0.0,4.0,610
ATAGAACTAAACGA-1,0.0,0.0,4.0,683
ATAGAACTAAGAAC-1,0.0,0.0,0.0,1021
ATAGAACTATTCTC-1,0.0,0.0,0.0,642
ATAGAACTTAGCCA-1,0.0,0.0,2.0,713
ATAGATTGGAATCC-1,0.0,0.0,0.0,1237
ATAGATTGGTTCAG-1,0.0,0.0,0.0,658
ATAGATTGTGACTG-1,0.0,0.0,9.0,627
ATAGCCGATCTATC-1,0.0,0.0,0.0,715
ATAGCCGATTTGGG-1,0.0,0.0,1.0,1809
ATAGCGTGAGGTTC-1,0.0,0.0,2.0,851
ATAGCGTGGTTCTT-1,0.0,6.0,8.0,2242
ATAGCGTGTACTTC-1,0.0,0.0,0.0,619
ATAGCTCTTTCTCA-1,0.0,0.0,2.0,742
ATAGGAGAACCACA-1,0.0,0.0,3.0,595
ATAGGAGAATTCCT-1,0.0,0.0,0.0,631
ATAGGAGATGGTAC-1,0.0,0.0,0.0,877
ATAGGCTGCGTTAG-1,0.0,0.0,0.0,793
ATAGTTGAAGAGGC-1,0.0,0.0,1.0,1354
ATAGTTGATTGGCA-1,0.0,0.0,2.0,867
ATATACGAAGATGA-1,0.0,0.0,0.0,578
ATATACGAGCTTAG-1,0.0,0.0,2.0,606
ATATAGTGAGTGCT-1,0.0,0.0,1.0,585
ATATAGTGGTCTTT-1,0.0,0.0,0.0,815
ATATGAACAAGCCT-1,0.0,0.0,1.0,604
ATCACACTCATGAC-1,0.0,0.0,2.0,786
ATCACACTCCTAAG-1,0.0,0.0,4.0,1106
ATCACACTGTTGTG-1,0.0,0.0,2.0,880
ATCACACTTGCCTC-1,0.0,0.0,0.0,613
ATCACGGAATTCCT-1,0.0,0.0,1.0,836
ATCACGGACGACAT-1,0.0,0.0,1.0,700
ATCACGGACGTAAC-1,0.0,0.0,2.0,934
ATCACGGAGGTGGA-1,0.0,0.0,0.0,686
ATCACTTGACTACG-1,0.0,0.0,2.0,801
ATCACTTGCAGAAA-1,0.0,2.0,0.0,736
ATCACTTGGGTGTT-1,0.0,0.0,7.0,1286
ATCACTTGTGTTTC-1,0.0,0.0,0.0,1011
ATCAGGTGGACGTT-1,0.0,0.0,1.0,661
ATCAGGTGTAGCCA-1,0.0,0.0,2.0,634
ATCATGCTCGACTA-1,0.0,0.0,0.0,649
ATCATGCTTGAACC-1,0.0,0.0,1.0,650
ATCCAGGACACACA-1,3.0,0.0,0.0,3455
ATCCAGGAGCAGTT-1,0.0,0.0,1.0,706
ATCCAGGAGCTATG-1,0.0,0.0,0.0,815
ATCCATACTTTGGG-1,0.0,0.0,0.0,1399
ATCCCGTGCAGATC-1,0.0,0.0,0.0,598
ATCCTAACTTATCC-1,0.0,0.0,1.0,681
ATCGACGACCATAG-1,0.0,0.0,2.0,1154
ATCGACGACTCTTA-1,0.0,0.0,3.0,794
ATCGACGAGTGTCA-1,0.0,0.0,1.0,1245
ATCGAGTGTCTCAT-1,0.0,0.0,1.0,654
ATCGAGTGTTATCC-1,0.0,0.0,1.0,778
ATCGCAGAACCAAC-1,0.0,0.0,2.0,806
ATCGCAGAAGATCC-1,0.0,0.0,2.0,679
ATCGCAGAGAGGGT-1,0.0,0.0,1.0,614
ATCGCAGAGTTCAG-1,0.0,0.0,1.0,1042
ATCGCCACGTCCTC-1,0.0,0.0,1.0,674
ATCGCGCTCTGAAC-1,0.0,0.0,0.0,661
ATCGCGCTGGAAGC-1,0.0,0.0,0.0,695
ATCGGAACCGTAGT-1,0.0,1.0,0.0,1364
ATCGGAACGGGACA-1,0.0,0.0,1.0,778
ATCGGAACGGGCAA-1,0.0,0.0,1.0,1425
ATCGGAACTACGCA-1,0.0,0.0,1.0,1974
ATCGTTTGGACACT-1,0.0,0.0,0.0,587
ATCGTTTGGGTTTG-1,0.0,0.0,0.0,797
ATCGTTTGGTAGCT-1,0.0,0.0,2.0,890
ATCTACACTCACGA-1,0.0,0.0,0.0,721
ATCTACTGCAAGCT-1,0.0,0.0,0.0,650
ATCTCAACAGAGTA-1,1.0,0.0,2.0,1585
ATCTCAACTATTCC-1,0.0,0.0,1.0,613
ATCTGACTGCGATT-1,0.0,0.0,0.0,1147
ATCTGACTGGAAGC-1,0.0,2.0,4.0,1748
ATCTGGGACATGGT-1,0.0,0.0,1.0,667
ATCTGGGACTCCAC-1,0.0,0.0,0.0,606
ATCTGTTGTCAGGT-1,0.0,0.0,2.0,742
ATCTGTTGTGCCTC-1,0.0,0.0,1.0,937
ATCTTTCTCCAATG-1,0.0,0.0,0.0,739
ATCTTTCTTATCTC-1,0.0,0.0,1.0,709
ATCTTTCTTGTGAC-1,0.0,0.0,0.0,578
ATGAAACTACTGGT-1,0.0,0.0,0.0,665
ATGAAACTCCAACA-1,0.0,0.0,1.0,815
ATGAAGGAGGCATT-1,0.0,0.0,0.0,704
ATGACGTGAAAGCA-1,0.0,0.0,0.0,584
ATGAGAGACACTGA-1,0.0,0.0,0.0,1035
ATGAGAGATCCAGA-1,0.0,0.0,0.0,699
ATGAGAGATTCCGC-1,0.0,0.0,0.0,615
ATGAGCACAAAAGC-1,0.0,0.0,0.0,617
ATGAGCACACTTTC-1,0.0,0.0,2.0,842
ATGAGCACTTTCTG-1,0.0,0.0,3.0,1091
ATGATAACGAGGTG-1,0.0,0.0,2.0,825
ATGATATGGAGGTG-1,0.0,0.0,0.0,1332
ATGATATGGTTACG-1,0.0,0.0,1.0,839
ATGCACGAAAGGTA-1,0.0,0.0,0.0,613
ATGCAGACGGAAGC-1,2.0,0.0,0.0,5954
ATGCAGTGAGGAGC-1,0.0,0.0,3.0,827
ATGCAGTGCGTTAG-1,0.0,0.0,4.0,1353
ATGCAGTGGAGAGC-1,0.0,0.0,0.0,1290
ATGCCAGAAAGATG-1,0.0,0.0,2.0,979
ATGCCAGAACCAAC-1,0.0,0.0,0.0,731
ATGCCAGAACCCTC-1,0.0,2.0,3.0,1565
ATGCCAGATGCCAA-1,0.0,0.0,2.0,587
ATGCCAGATTCTGT-1,0.0,0.0,0.0,735
ATGCCGCTCCAACA-1,0.0,1.0,0.0,849
ATGCGATGCACTTT-1,0.0,0.0,1.0,604
ATGCGATGCCTCAC-1,0.0,0.0,2.0,583
ATGCGATGGTAGCT-1,0.0,0.0,0.0,697
ATGCGCCTAAAGCA-1,0.0,0.0,0.0,594
ATGCGCCTCGAGTT-1,0.0,0.0,4.0,753
ATGCGCCTGCTGTA-1,0.0,0.0,4.0,719
ATGGGTACAATGCC-1,0.0,0.0,3.0,600
ATGGGTACACGGTT-1,0.0,0.0,1.0,627
ATGGGTACGGTGAG-1,0.0,0.0,1.0,987
ATGGTGACTCACCC-1,0.0,0.0,0.0,883
ATGTACCTAAGATG-1,0.0,0.0,0.0,651
ATGTACCTCTCGAA-1,0.0,0.0,0.0,723
ATGTACCTTACGCA-1,0.0,0.0,2.0,741
ATGTCACTAACTGC-1,0.0,0.0,1.0,1503
ATGTCGGACCGTAA-1,0.0,0.0,2.0,603
ATGTCGGACTGCTC-1,0.0,0.0,0.0,646
ATGTCGGAGTACCA-1,0.0,0.0,0.0,758
ATGTCGGATCTAGG-1,0.0,0.0,0.0,934
ATGTTAGAAGGTTC-1,0.0,0.0,0.0,615
ATGTTAGAGACGGA-1,0.0,0.0,3.0,582
ATTAACGATACTTC-1,0.0,0.0,2.0,797
ATTAAGACAAGGTA-1,0.0,0.0,0.0,733
ATTACCACGTAAGA-1,0.0,0.0,1.0,608
ATTACCTGAGTACC-1,0.0,0.0,1.0,876
ATTACCTGGTGTAC-1,0.0,0.0,5.0,1138
ATTAGTGACGTGTA-1,0.0,0.0,2.0,698
ATTAGTGATCCCAC-1,0.0,0.0,0.0,731
ATTAGTGATGTTTC-1,4.0,0.0,0.0,5971
ATTATGGACATGCA-1,0.0,0.0,1.0,887
ATTATGGAGCGTTA-1,0.0,0.0,3.0,789
ATTATGGATCCCAC-1,0.0,0.0,0.0,832
ATTCAAGAAACCTG-1,0.0,0.0,0.0,1940
ATTCAAGACCATGA-1,2.0,0.0,0.0,5342
ATTCAGCTACGGTT-1,0.0,0.0,1.0,583
ATTCAGCTTACTCT-1,0.0,0.0,4.0,941
ATTCAGCTTCGCAA-1,0.0,9.0,0.0,4411
ATTCCAACATCTTC-1,0.0,0.0,1.0,1665
ATTCCAACCTCAGA-1,0.0,0.0,0.0,727
ATTCCATGATCAGC-1,0.0,0.0,0.0,686
ATTCCATGCAAGCT-1,0.0,0.0,4.0,1242
ATTCCATGGAGGCA-1,0.0,0.0,1.0,783
ATTCGACTCGTGTA-1,0.0,0.0,1.0,617
ATTCGACTGGTGGA-1,0.0,0.0,4.0,1061
ATTCTGACGGTCAT-1,0.0,0.0,0.0,716
ATTCTTCTGGGATG-1,0.0,0.0,2.0,686
ATTGAAACTGAGGG-1,0.0,0.0,1.0,1174
ATTGAATGACCAAC-1,0.0,0.0,1.0,847
ATTGATGAAGAACA-1,0.0,0.0,2.0,2006
ATTGATGACCTACC-1,0.0,0.0,1.0,684
ATTGATGACGAGTT-1,0.0,0.0,8.0,1132
ATTGCACTAACCTG-1,0.0,0.0,2.0,904
ATTGCACTGGGACA-1,0.0,0.0,0.0,3851
ATTGCACTTCCTAT-1,0.0,15.0,4.0,3588
ATTGCGGAAGCTCA-1,0.0,0.0,1.0,860
ATTGCGGACAATCG-1,0.0,0.0,0.0,650
ATTGCGGACGTTGA-1,0.0,2.0,4.0,2040
ATTGCGGACTAGTG-1,0.0,0.0,0.0,657
ATTGCGGAGTAAAG-1,0.0,0.0,0.0,708
ATTGCGGATCCAGA-1,0.0,0.0,0.0,658
ATTGCTTGCAAGCT-1,0.0,0.0,0.0,1304
ATTGCTTGCTAGAC-1,0.0,0.0,2.0,612
ATTGCTTGTAAGGA-1,0.0,0.0,0.0,624
ATTGGGTGCCCAAA-1,0.0,0.0,0.0,592
ATTGGGTGCCGTTC-1,0.0,0.0,0.0,906
ATTGGGTGGATAAG-1,0.0,0.0,1.0,648
ATTGGTCTGGCATT-1,0.0,0.0,0.0,742
ATTGGTCTTGGAGG-1,0.0,0.0,0.0,597
ATTGGTCTTTTGCT-1,0.0,0.0,0.0,825
ATTGTCTGGCTACA-1,0.0,0.0,0.0,721
ATTGTCTGGTTGGT-1,0.0,0.0,2.0,1409
ATTTAGGACGCAAT-1,0.0,0.0,2.0,620
ATTTAGGACTTACT-1,0.0,0.0,1.0,864
ATTTAGGAGGATCT-1,0.0,0.0,0.0,655
ATTTCCGACCATAG-1,0.0,0.0,0.0,946
ATTTCCGAGGTATC-1,0.0,0.0,1.0,899
ATTTCCGATGATGC-1,0.0,0.0,0.0,664
ATTTCGTGAACAGA-1,0.0,8.0,3.0,4584
ATTTCTCTGGCAAG-1,0.0,0.0,0.0,703
ATTTGCACAAGAAC-1,0.0,0.0,0.0,1000
ATTTGCACTGAGGG-1,0.0,0.0,1.0,581
CAAAGCACTTACCT-1,0.0,0.0,5.0,1015
CAAAGCTGTTGAGC-1,0.0,0.0,0.0,660
CAAATATGCGTCTC-1,0.0,0.0,3.0,787
CAAATATGTCGTAG-1,0.0,0.0,2.0,888
CAAATTGAAGAACA-1,0.0,0.0,1.0,1734
CAAATTGACCCTCA-1,0.0,0.0,1.0,853
CAACAGACAAGCAA-1,0.0,0.0,0.0,630
CAACAGACCAACTG-1,0.0,0.0,4.0,1126
CAACCAGAACACAC-1,0.0,0.0,0.0,1702
CAACCAGACGTACA-1,0.0,0.0,3.0,635
CAACCGCTATGCTG-1,0.0,0.0,1.0,595
CAACCGCTATTCCT-1,0.0,0.0,0.0,1098
CAACCGCTGGTGTT-1,0.0,0.0,1.0,936
CAACCGCTTATGGC-1,0.0,1.0,2.0,887
CAACGAACATCGGT-1,4.0,0.0,0.0,5011
CAACGAACTTTCGT-1,0.0,0.0,0.0,797
CAACGATGGTGTCA-1,0.0,0.0,1.0,582
CAACGATGTTTCAC-1,0.0,0.0,0.0,687
CAACGTGACGTTGA-1,0.0,0.0,4.0,589
CAAGAAGACATACG-1,1.0,1.0,0.0,5487
CAAGAAGACCCTCA-1,0.0,0.0,1.0,849
CAAGAAGACTGTGA-1,0.0,0.0,3.0,809
CAAGAAGATCCAAG-1,0.0,0.0,5.0,605
CAAGAAGATTGCTT-1,0.0,0.0,1.0,1822
CAAGACACTGCATG-1,0.0,0.0,2.0,584
CAAGACACTGCTCC-1,0.0,0.0,0.0,953
CAAGACTGAGCCAT-1,0.0,0.0,3.0,691
CAAGACTGGAGGGT-1,0.0,0.0,1.0,716
CAAGACTGGCATAC-1,0.0,0.0,1.0,644
CAAGACTGGGACTT-1,0.0,0.0,1.0,979
CAAGCTGAATGGTC-1,0.0,0.0,5.0,1452
CAAGCTGAGAGGTG-1,0.0,0.0,2.0,831
CAAGCTGAGCATAC-1,0.0,0.0,0.0,719
CAAGTCGAAGTCTG-1,0.0,0.0,1.0,1124
CAAGTCGATTGGCA-1,0.0,0.0,0.0,640
CAAGTTCTAAGTAG-1,0.0,0.0,3.0,712
CAAGTTCTCTTACT-1,0.0,0.0,0.0,1871
CAAGTTCTGCGAGA-1,0.0,0.0,3.0,797
CAAGTTCTGTTGAC-1,0.0,1.0,3.0,2296
CAAGTTCTTGCTTT-1,0.0,0.0,0.0,5759
CAATAAACCAGAGG-1,0.0,0.0,1.0,1164
CAATAAACCGAGTT-1,0.0,0.0,1.0,816
CAATAATGCCGATA-1,0.0,0.0,0.0,4674
CAATAATGGAAAGT-1,0.0,0.0,1.0,1134
CAATATGACGGGAA-1,0.0,0.0,1.0,1035
CAATATGATTCATC-1,0.0,0.0,1.0,581
CAATCGGAGCGAAG-1,0.0,0.0,0.0,683
CAATCGGAGCGATT-1,0.0,0.0,0.0,870
CAATCGGATGTAGC-1,0.0,0.0,2.0,814
CAATCTACACGTAC-1,0.0,0.0,0.0,1239
CAATCTACGTTGCA-1,0.0,0.0,0.0,911
CAATTCTGACGTGT-1,0.0,0.0,1.0,1077
CAATTCTGGGCAAG-1,0.0,0.0,0.0,679
CACAACGAAGTCTG-1,0.0,0.0,0.0,660
CACAATCTGAAACA-1,0.0,0.0,1.0,635
CACAATCTGTTGCA-1,0.0,0.0,0.0,594
CACAATCTTGGTTG-1,0.0,0.0,1.0,1660
CACACCTGAAAAGC-1,0.0,0.0,3.0,1796
CACAGAACACCACA-1,0.0,0.0,0.0,850
CACAGAACCCATAG-1,0.0,0.0,0.0,697
CACAGAACGATACC-1,0.0,0.0,2.0,633
CACAGATGAAAAGC-1,3.0,0.0,0.0,5192
CACAGATGCGCAAT-1,0.0,0.0,0.0,631
CACAGATGGTGTAC-1,0.0,0.0,1.0,875
CACAGATGTCGTGA-1,0.0,1.0,0.0,684
CACAGCCTGAGATA-1,0.0,0.0,0.0,817
CACAGTGAACTCTT-1,0.0,0.0,1.0,773
CACAGTGAACTTTC-1,0.0,0.0,0.0,814
CACAGTGACCGTAA-1,0.0,0.0,0.0,733
CACAGTGATGAGCT-1,0.0,0.0,0.0,1104
CACATACTCCGCTT-1,0.0,0.0,2.0,626
CACATACTCTAGAC-1,0.0,0.0,0.0,759
CACATGGAATTGGC-1,0.0,0.0,1.0,594
CACATGGACTATGG-1,0.0,0.0,1.0,733
CACCACTGAAGGGC-1,0.0,0.0,0.0,641
CACCACTGACCTTT-1,0.0,0.0,1.0,609
CACCACTGGGTCTA-1,0.0,0.0,1.0,799
CACCGGGAACCTAG-1,0.0,0.0,0.0,927
CACCGGGATGGCAT-1,0.0,1.0,2.0,1206
CACCGTACAATGCC-1,0.0,0.0,4.0,782
CACCGTACCTTAGG-1,0.0,0.0,2.0,1006
CACCGTTGCACCAA-1,0.0,0.0,0.0,928
CACCGTTGCTTAGG-1,0.0,0.0,4.0,1352
CACCTGACCGTCTC-1,0.0,0.0,1.0,864
CACCTGACTGAGGG-1,0.0,0.0,1.0,1282
CACCTGACTTCGTT-1,0.0,0.0,0.0,684
CACGACCTCGAGTT-1,0.0,3.0,0.0,1398
CACGATGAGCTACA-1,0.0,0.0,4.0,982
CACGCTACAAGTGA-1,0.0,0.0,1.0,583
CACGGGACGAATGA-1,0.0,0.0,2.0,1138
CACGGGACGCCAAT-1,0.0,0.0,2.0,984
CACGGGACTTCTGT-1,0.0,0.0,0.0,580
CACGGGTGCACTTT-1,0.0,0.0,0.0,1220
CACGGGTGGATAAG-1,0.0,0.0,2.0,1743
CACGGGTGGTGTTG-1,0.0,0.0,0.0,720
CACTAACTAGAGAT-1,0.0,0.0,1.0,624
CACTAACTTGCTCC-1,0.0,0.0,3.0,668
CACTAGGACCCTAC-1,0.0,0.0,1.0,774
CACTAGGATATTCC-1,0.0,0.0,1.0,699
CACTATACCTTCTA-1,0.0,0.0,1.0,591
CACTCCGAAAGAAC-1,0.0,0.0,2.0,879
CACTCCGAGAACTC-1,0.0,0.0,1.0,1179
CACTCCGAGGTAGG-1,0.0,0.0,0.0,1071
CACTCTCTAGGGTG-1,0.0,0.0,0.0,1092
CACTCTCTCAGAGG-1,0.0,0.0,2.0,1281
CACTCTCTGGTATC-1,0.0,0.0,1.0,862
CACTGAGAAGTAGA-1,0.0,0.0,0.0,613
CACTGAGACGTAAC-1,0.0,0.0,0.0,606
CACTGAGAGGAGGT-1,0.0,1.0,6.0,1558
CACTGAGATACTCT-1,0.0,0.0,2.0,1164
CACTGCACCACTGA-1,0.0,0.0,0.0,597
CACTGCACGTCTTT-1,0.0,0.0,2.0,673
CACTTAACATCACG-1,0.0,0.0,2.0,729
CACTTATGAGTCGT-1,0.0,0.0,0.0,629
CACTTATGGATAGA-1,0.0,0.0,0.0,579
CACTTATGGCTACA-1,0.0,0.0,4.0,849
CACTTTGAATGTCG-1,0.0,0.0,0.0,615
CACTTTGACGCAAT-1,0.0,0.0,0.0,764
CACTTTGAGGGCAA-1,0.0,0.0,3.0,1038
CACTTTGATCCAGA-1,0.0,5.0,2.0,2293
CAGACATGTCACCC-1,0.0,0.0,1.0,823
CAGACCCTAGCTCA-1,0.0,0.0,1.0,741
CAGACCCTCCCGTT-1,0.0,0.0,2.0,786
CAGACCCTGCATCA-1,0.0,0.0,1.0,591
CAGACCCTTTTGGG-1,0.0,0.0,0.0,580
CAGACTGAACCTCC-1,0.0,0.0,0.0,595
CAGATCGATTTACC-1,0.0,0.0,0.0,720
CAGATGACCTTGTT-1,0.0,0.0,0.0,619
CAGATGACTACAGC-1,0.0,0.0,0.0,657
CAGCACCTGCTACA-1,0.0,0.0,0.0,578
CAGCACCTGGTTAC-1,3.0,0.0,1.0,4676
CAGCACCTTATCGG-1,0.0,0.0,5.0,841
CAGCATGAGGGTGA-1,0.0,0.0,6.0,726
CAGCCTACCCTAAG-1,0.0,0.0,0.0,598
CAGCCTTGTGAAGA-1,0.0,0.0,2.0,1568
CAGCGGACCCCTCA-1,0.0,0.0,2.0,830
CAGCGGACGGATCT-1,0.0,1.0,0.0,932
CAGCGTCTAAGCCT-1,0.0,3.0,3.0,3287
CAGCGTCTGGACGA-1,0.0,0.0,1.0,790
CAGCGTCTTGGCAT-1,0.0,0.0,3.0,713
CAGCTCACCGCAAT-1,0.0,0.0,0.0,1170
CAGCTCACGCAGTT-1,0.0,0.0,0.0,583
CAGGCCGAAAGGGC-1,0.0,0.0,0.0,646
CAGGCCGATGTGAC-1,0.0,0.0,2.0,845
CAGGGCACGGTCTA-1,0.0,0.0,1.0,603
CAGGGCACTCTTCA-1,0.0,0.0,0.0,1566
CAGGTTGAAAGAGT-1,0.0,0.0,0.0,676
CAGTCAGAAGATGA-1,0.0,0.0,0.0,1263
CAGTCAGAAGGCGA-1,0.0,0.0,4.0,1220
CAGTGTGACAAGCT-1,0.0,0.0,1.0,781
CAGTGTGAGTTGGT-1,0.0,0.0,0.0,818
CAGTTACTTTGTCT-1,0.0,0.0,3.0,700
CAGTTTACGATGAA-1,0.0,0.0,2.0,627
CAGTTTACTCTATC-1,0.0,0.0,2.0,1232
CAGTTTACTGCCTC-1,0.0,0.0,0.0,1064
CATAAAACAGAACA-1,0.0,0.0,0.0,851
CATAAATGCGATAC-1,0.0,0.0,0.0,1756
CATAAATGGAAAGT-1,0.0,0.0,0.0,751
CATACTACAAAGCA-1,0.0,0.0,1.0,706
CATACTACGGACGA-1,0.0,0.0,1.0,768
CATACTACGTCTGA-1,0.0,0.0,1.0,925
CATACTACTCTCTA-1,0.0,0.0,1.0,688
CATACTTGGATACC-1,0.0,0.0,0.0,651
CATAGTCTAACCGT-1,0.0,0.0,1.0,1052
CATATAGATGACAC-1,0.0,0.0,0.0,998
CATCAACTCACTAG-1,0.0,0.0,2.0,924
CATCAACTTAGCGT-1,0.0,0.0,0.0,658
CATCAACTTTCAGG-1,0.0,0.0,1.0,624
CATCAGGAAGCGTT-1,0.0,0.0,1.0,863
CATCAGGACTCCAC-1,0.0,0.0,0.0,1183
CATCATACGGTCAT-1,0.0,0.0,6.0,975
CATCGGCTAACGGG-1,0.0,0.0,0.0,819
CATCGGCTAGACTC-1,0.0,0.0,1.0,1633
CATCGGCTAGCGTT-1,0.0,0.0,0.0,631
CATCGGCTCGCTAA-1,0.0,0.0,0.0,577
CATCGGCTTTTGCT-1,0.0,0.0,0.0,1314
CATCTCCTGGGTGA-1,0.0,0.0,0.0,719
CATCTTGACTCGCT-1,0.0,0.0,0.0,1016
CATCTTGATGAGGG-1,0.0,0.0,0.0,831
CATCTTGATGATGC-1,0.0,0.0,0.0,1363
CATGCCACCTGTAG-1,0.0,0.0,0.0,626
CATGCCACGAGAGC-1,0.0,0.0,2.0,1033
CATGCGCTTTTGTC-1,0.0,0.0,0.0,896
CATGGATGACACTG-1,0.0,0.0,0.0,665
CATGGATGCACTGA-1,0.0,0.0,1.0,650
CATGGATGTCTAGG-1,0.0,0.0,0.0,669
CATGGATGTTCCAT-1,0.0,0.0,1.0,694
CATGGCCTCAACCA-1,0.0,0.0,7.0,603
CATGGCCTGGGATG-1,0.0,0.0,0.0,618
CATGTACTAGTCTG-1,0.0,0.0,0.0,1004
CATGTACTGTGAGG-1,0.0,0.0,3.0,717
CATGTTACCTCCAC-1,0.0,0.0,0.0,859
CATGTTTGCCTCGT-1,0.0,2.0,5.0,3361
CATGTTTGGGTACT-1,0.0,0.0,1.0,747
CATTACACCCACCT-1,0.0,0.0,0.0,712
CATTACACCCATAG-1,0.0,0.0,1.0,748
CATTACACCTCTCG-1,0.0,0.0,3.0,996
CATTACACTACGAC-1,0.0,0.0,0.0,671
CATTAGCTAAGAAC-1,0.0,0.0,0.0,625
CATTAGCTCAAAGA-1,0.0,0.0,3.0,621
CATTAGCTGCGTTA-1,0.0,0.0,2.0,654
CATTAGCTGTTCAG-1,0.0,0.0,0.0,890
CATTAGCTTCGATG-1,0.0,0.0,0.0,773
CATTGACTAAACGA-1,0.0,0.0,1.0,663
CATTGACTTAGACC-1,0.0,0.0,0.0,624
CATTGGGACGCCTT-1,0.0,0.0,2.0,698
CATTGGGACGCTAA-1,0.0,0.0,2.0,582
CATTGTACAGGCGA-1,0.0,1.0,1.0,835
CATTGTACCACACA-1,0.0,1.0,0.0,2515
CATTGTTGACGTTG-1,0.0,0.0,4.0,994
CATTTCGATTGTCT-1,0.0,3.0,0.0,1452
CATTTGACAACCGT-1,0.0,0.0,0.0,793
CATTTGTGAGAGTA-1,0.0,0.0,0.0,694
CATTTGTGCAACTG-1,0.0,0.0,3.0,821
CATTTGTGGTCATG-1,0.0,0.0,1.0,761
CATTTGTGTTATCC-1,0.0,0.0,1.0,601
CCAAAGTGACACAC-1,0.0,1.0,2.0,1108
CCAACCTGTCCTGC-1,0.0,0.0,0.0,1336
CCAAGAACAGGTCT-1,0.0,2.0,1.0,1968
CCAATTTGCCTTGC-1,0.0,0.0,3.0,751
CCAATTTGGTTGCA-1,0.0,0.0,2.0,905
CCAATTTGTCCTTA-1,0.0,0.0,2.0,719
CCAATTTGTGTTCT-1,0.0,0.0,6.0,1445
CCAATTTGTTCGCC-1,0.0,0.0,2.0,820
CCACCATGCCATAG-1,0.0,0.0,4.0,650
CCACCTGAAGGCGA-1,0.0,0.0,0.0,1081
CCACCTGATAAGGA-1,0.0,0.0,0.0,1312
CCACGGGACATGCA-1,0.0,0.0,2.0,693
CCACGGGACGCCTT-1,0.0,0.0,0.0,1213
CCACGGGATAGAAG-1,0.0,0.0,0.0,661
CCACGGGATGCTCC-1,0.0,0.0,1.0,934
CCACTGACGAGGGT-1,0.0,0.0,0.0,1084
CCACTGTGTTGGTG-1,0.0,0.0,1.0,673
CCACTTCTGGTGTT-1,0.0,0.0,0.0,826
CCACTTCTTATCTC-1,0.0,0.0,1.0,671
CCACTTCTTCTTAC-1,0.0,0.0,0.0,647
CCAGAAACTCGTGA-1,0.0,0.0,0.0,1288
CCAGACCTCTGACA-1,0.0,0.0,0.0,581
CCAGACCTGCCATA-1,0.0,0.0,1.0,712
CCAGCACTACCAAC-1,0.0,0.0,0.0,1178
CCAGCACTGGTTTG-1,0.0,0.0,0.0,686
CCAGCACTTAGACC-1,0.0,0.0,0.0,1994
CCAGCGGACCTATT-1,0.0,0.0,0.0,675
CCAGCGGATCATTC-1,0.0,0.0,1.0,1070
CCAGCGGATCTCCG-1,0.0,0.0,1.0,767
CCAGCTACAGAAGT-1,0.0,0.0,1.0,583
CCAGCTACGCTATG-1,0.0,0.0,3.0,1092
CCAGCTACGGTCTA-1,0.0,0.0,2.0,1312
CCAGGTCTATCGGT-1,0.0,0.0,0.0,709
CCAGGTCTCAATCG-1,0.0,0.0,1.0,689
CCAGTCACAGAATG-1,0.0,3.0,1.0,1451
CCAGTCACTAAGGA-1,0.0,0.0,0.0,861
CCAGTCTGAGTCGT-1,0.0,0.0,0.0,883
CCAGTCTGGACAAA-1,1.0,0.0,0.0,830
CCAGTGCTCGGAGA-1,0.0,0.0,0.0,700
CCAGTGCTGCTAAC-1,0.0,0.0,0.0,709
CCATAGGACTTATC-1,3.0,0.0,0.0,5074
CCATAGGATAGAAG-1,0.0,0.0,1.0,675
CCATATACAGAAGT-1,0.0,0.0,0.0,746
CCATCCGAGAAGGC-1,0.0,0.0,1.0,977
CCATCGTGAAAAGC-1,0.0,0.0,0.0,932
CCATCGTGCTCTCG-1,0.0,0.0,0.0,725
CCATCGTGTACTTC-1,0.0,0.0,2.0,576
CCATCGTGTGATGC-1,0.0,0.0,0.0,1126
CCATGCTGTAGAAG-1,0.0,0.0,2.0,639
CCATTAACCGAATC-1,0.0,0.0,0.0,586
CCATTAACGCATCA-1,0.0,0.0,0.0,622
CCCAAAGAATCTTC-1,0.0,0.0,0.0,645
CCCAAAGACTTGCC-1,0.0,0.0,3.0,1019
CCCAAAGAGTCACA-1,0.0,0.0,0.0,728
CCCAAAGATATGCG-1,0.0,1.0,0.0,1159
CCCAACACCTTAGG-1,0.0,0.0,1.0,662
CCCAACACTCCAAG-1,0.0,4.0,0.0,2048
CCCAACACTCCTTA-1,0.0,0.0,0.0,1167
CCCACATGTGTTCT-1,0.0,0.0,0.0,1866
CCCAGACTAACGAA-1,0.0,0.0,0.0,971
CCCAGACTTATCTC-1,0.0,0.0,0.0,1232
CCCAGTTGTGGTTG-1,0.0,0.0,1.0,840
CCCATCGAACGGTT-1,0.0,0.0,0.0,1093
CCCATGTGACACGT-1,0.0,0.0,1.0,1239
CCCATGTGGCAGTT-1,0.0,0.0,1.0,705
CCCATGTGTTGCGA-1,0.0,0.0,0.0,626
CCCGAACTGACGAG-1,0.0,0.0,0.0,582
CCCGGAGACCTAAG-1,0.0,0.0,0.0,859
CCCGGAGACTAGAC-1,0.0,0.0,2.0,1286
CCCTACGACCTCCA-1,0.0,0.0,1.0,634
CCCTACGATCCTCG-1,0.0,0.0,0.0,2186
CCCTGAACACGTTG-1,0.0,0.0,5.0,1400
CCCTTACTCGATAC-1,0.0,0.0,1.0,591
CCCTTACTGTGCTA-1,0.0,0.0,0.0,2410
CCGACACTCTTAGG-1,0.0,0.0,2.0,952
CCGACTACTTCAGG-1,0.0,0.0,2.0,584
CCGCGAGAGTTGAC-1,0.0,0.0,0.0,683
CCGCTATGAATGCC-1,0.0,1.0,2.0,2132
CCGCTATGGCTGTA-1,0.0,0.0,0.0,797
CCGCTATGTTCAGG-1,0.0,0.0,1.0,649
CCGGAGACCTGTGA-1,0.0,0.0,1.0,608
CCGGAGTGACTACG-1,0.0,0.0,0.0,740
CCGGAGTGTGTAGC-1,0.0,0.0,4.0,753
CCGGTACTCTTCTA-1,0.0,0.0,0.0,593
CCGGTACTTGGATC-1,0.0,0.0,2.0,828
CCGTAAGAGTCGTA-1,0.0,0.0,0.0,862
CCGTACACCACTGA-1,0.0,0.0,0.0,938
CCGTACACTCACGA-1,0.0,0.0,2.0,582
CCTAAACTGAGACG-1,2.0,0.0,0.0,5248
CCTAAACTGTACCA-1,0.0,0.0,0.0,906
CCTACCGAGGAGCA-1,0.0,0.0,2.0,605
CCTAGAGAAGATCC-1,0.0,0.0,2.0,1286
CCTAGAGACTAAGC-1,0.0,0.0,0.0,745
CCTAGAGAGGTTAC-1,0.0,0.0,0.0,617
CCTATAACTTACCT-1,0.0,0.0,0.0,725
CCTATAACTTCACT-1,0.0,0.0,0.0,601
CCTATAACTTCTAC-1,0.0,10.0,0.0,2823
CCTATTGAAGAGAT-1,0.0,0.0,0.0,595
CCTATTGAGGTTCA-1,0.0,0.0,2.0,1134
CCTCATCTATCGGT-1,0.0,0.0,2.0,1112
CCTCATCTGATGAA-1,0.0,0.0,0.0,5106
CCTCATCTGGAGGT-1,0.0,0.0,5.0,812
CCTCTACTACCAAC-1,0.0,0.0,1.0,1218
CCTCTACTCATGAC-1,0.0,0.0,0.0,713
CCTCTACTGAAAGT-1,0.0,0.0,0.0,773
CCTCTACTGTGCAT-1,0.0,0.0,0.0,777
CCTCTACTTGGTCA-1,0.0,0.0,3.0,1062
CCTGACTGCACTGA-1,0.0,0.0,0.0,750
CCTGACTGCCGTTC-1,0.0,2.0,0.0,4381
CCTGACTGCGATAC-1,0.0,0.0,3.0,780
CCTGACTGGTACAC-1,0.0,0.0,3.0,1426
CCTGAGCTCCGAAT-1,0.0,0.0,1.0,807
CCTGCAACCATGCA-1,0.0,0.0,1.0,684
CCTGCAACGGATTC-1,0.0,0.0,3.0,962
CCTGCAACTTCCAT-1,0.0,0.0,1.0,599
CCTGGACTATTCGG-1,0.0,0.0,0.0,599
CCTGGACTCCCTTG-1,0.0,0.0,3.0,813
CCTGGACTGGGAGT-1,0.0,0.0,0.0,599
CCTTAATGTATGCG-1,0.0,0.0,0.0,970
CCTTCACTAACCTG-1,0.0,0.0,0.0,597
CCTTCACTGCGAGA-1,0.0,0.0,1.0,628
CCTTCACTTATGCG-1,0.0,0.0,0.0,583
CCTTTAGAATGTGC-1,0.0,0.0,2.0,1193
CCTTTAGACCTGAA-1,0.0,0.0,1.0,1008
CGAACATGATGACC-1,0.0,0.0,2.0,1736
CGAAGACTCTGGAT-1,0.0,0.0,0.0,1344
CGAAGACTGTCCTC-1,0.0,0.0,0.0,625
CGAAGACTTGCCCT-1,0.0,0.0,2.0,1363
CGAAGGGAAGACTC-1,0.0,0.0,0.0,3713
CGAAGGGAGGTTTG-1,0.0,0.0,0.0,662
CGAAGTACCAAAGA-1,0.0,0.0,0.0,968
CGAATCGATGCGTA-1,1.0,0.0,0.0,742
CGACAAACCGACAT-1,0.0,0.0,4.0,635
CGACCACTAACAGA-1,0.0,0.0,0.0,749
CGACCACTCCATGA-1,0.0,0.0,0.0,694
CGACCACTCGCTAA-1,0.0,0.0,0.0,715
CGACCACTTGTGCA-1,0.0,0.0,0.0,656
CGACCGGAAGGGTG-1,0.0,0.0,2.0,1408
CGACCTACGGACAG-1,0.0,0.0,0.0,705
CGACCTTGAAACGA-1,0.0,1.0,2.0,1072
CGACCTTGAGAAGT-1,0.0,0.0,1.0,751
CGACCTTGTAGCGT-1,0.0,0.0,0.0,951
CGACGTCTAACGAA-1,0.0,0.0,0.0,2012
CGACGTCTAGAGGC-1,0.0,0.0,0.0,617
CGACGTCTGGCGAA-1,0.0,0.0,0.0,579
CGACTCACCGTCTC-1,0.0,5.0,0.0,5850
CGAGAACTACTCAG-1,0.0,0.0,4.0,853
CGAGAACTTTCTGT-1,0.0,0.0,2.0,754
CGAGATTGCCTGTC-1,0.0,0.0,0.0,683
CGAGATTGTCCTAT-1,0.0,0.0,0.0,1323
CGAGCCGACTGGTA-1,0.0,0.0,1.0,726
CGAGCCGAGTCACA-1,0.0,0.0,1.0,934
CGAGGAGATCCAGA-1,0.0,0.0,0.0,3072
CGAGGGCTCTCCCA-1,0.0,0.0,2.0,715
CGAGGGCTGTAAAG-1,0.0,0.0,0.0,1301
CGATAGACAGGTTC-1,0.0,0.0,0.0,756
CGATCAGAGGTCTA-1,0.0,0.0,2.0,787
CGATCAGATATGGC-1,0.0,0.0,1.0,669
CGATCCACCGTACA-1,0.0,0.0,1.0,709
CGATCCACTGTCCC-1,0.0,0.0,0.0,789
CGCAAATGCACCAA-1,0.0,0.0,3.0,661
CGCAAATGCCCTTG-1,0.0,0.0,1.0,994
CGCAAATGCTATGG-1,0.0,0.0,0.0,675
CGCAAATGGACGGA-1,0.0,0.0,0.0,579
CGCAACCTAGGGTG-1,0.0,0.0,0.0,1111
CGCAACCTCTGATG-1,0.0,2.0,3.0,1193
CGCAACCTGTCTTT-1,0.0,0.0,2.0,592
CGCACGGAACGGGA-1,0.0,0.0,0.0,982
CGCACGGAAGAGAT-1,0.0,0.0,11.0,939
CGCACTACAAGGGC-1,0.0,0.0,0.0,625
CGCACTACAGTACC-1,0.0,0.0,0.0,597
CGCACTACTTGGCA-1,0.0,0.0,1.0,706
CGCACTTGAAGTGA-1,0.0,0.0,0.0,727
CGCACTTGCTGTTT-1,0.0,0.0,1.0,638
CGCAGGACACACCA-1,0.0,0.0,0.0,1121
CGCAGGACAGTCTG-1,0.0,0.0,0.0,766
CGCAGGTGGTACCA-1,0.0,0.0,1.0,838
CGCATAGACCTTGC-1,0.0,0.0,2.0,1147
CGCCGAGAGGTTTG-1,0.0,0.0,3.0,1135
CGCCTAACCAGGAG-1,0.0,0.0,0.0,874
CGCGAGACCTGTTT-1,0.0,0.0,0.0,685
CGCGGATGCACTAG-1,0.0,0.0,0.0,706
CGCTAAGAACCACA-1,0.0,0.0,0.0,587
CGCTAAGACATCAG-1,0.0,0.0,1.0,674
CGCTAAGATCGACA-1,0.0,0.0,1.0,906
CGCTACACACACGT-1,0.0,1.0,0.0,1620
CGCTACACACTAGC-1,0.0,0.0,0.0,649
CGCTACACCTTACT-1,0.0,0.0,0.0,829
CGCTACACTGAACC-1,0.0,0.0,1.0,586
CGCTACTGGGTGTT-1,0.0,0.0,0.0,2092
CGCTCATGATACCG-1,0.0,0.0,0.0,646
CGGAATTGCAGATC-1,0.0,0.0,0.0,587
CGGAATTGTTCTTG-1,0.0,0.0,2.0,916
CGGACCGAACGTAC-1,0.0,0.0,0.0,668
CGGACCGAACTTTC-1,0.0,0.0,0.0,822
CGGACCGAGGACAG-1,0.0,0.0,0.0,1536
CGGACCGATCCTGC-1,0.0,0.0,0.0,621
CGGAGGCTCAGTCA-1,0.0,0.0,1.0,613
CGGAGGCTCGAGTT-1,0.0,0.0,0.0,1631
CGGAGGCTCGCTAA-1,0.0,0.0,0.0,680
CGGAGGCTGACTAC-1,0.0,0.0,0.0,590
CGGATAACAGAATG-1,0.0,0.0,1.0,1470
CGGATATGGGATCT-1,0.0,0.0,1.0,1135
CGGCATCTAGAAGT-1,0.0,0.0,0.0,636
CGGCATCTGAGACG-1,0.0,0.0,1.0,630
CGGCATCTGCTGTA-1,0.0,0.0,5.0,1625
CGGCCAGACGAATC-1,0.0,0.0,0.0,1040
CGGCGAACCCAAGT-1,0.0,0.0,0.0,578
CGGCGATGAACCGT-1,0.0,0.0,0.0,652
CGGCGATGAAGATG-1,0.0,0.0,1.0,834
CGGCGATGTGCAGT-1,0.0,1.0,1.0,804
CGGCGATGTTACCT-1,0.0,0.0,1.0,680
CGGGACTGATCGGT-1,0.0,0.0,0.0,1003
CGGGCATGAAGATG-1,0.0,0.0,0.0,609
CGGGCATGGATAGA-1,0.0,0.0,2.0,750
CGGTAAACCCCGTT-1,0.0,0.0,0.0,1008
CGGTAAACGGCAAG-1,0.0,0.0,0.0,628
CGGTAAACTGCCTC-1,0.0,0.0,1.0,824
CGGTACCTTGGTAC-1,0.0,0.0,1.0,1419
CGGTCACTGTTACG-1,0.0,0.0,0.0,612
CGGTCACTTCACGA-1,0.0,0.0,3.0,1193
CGTACCTGCTACCC-1,0.0,0.0,0.0,583
CGTACCTGGACGGA-1,0.0,0.0,0.0,1123
CGTAGCCTGTGCAT-1,0.0,0.0,0.0,908
CGTCAAGAATGTGC-1,0.0,0.0,2.0,630
CGTCAAGAGGGACA-1,0.0,0.0,0.0,722
CGTCCAACAAAGTG-1,0.0,1.0,1.0,1921
CGTCCAACACCACA-1,0.0,0.0,1.0,688
CGTCCAACGGTTTG-1,0.0,0.0,1.0,6162
CGTCCAACTCGTTT-1,0.0,0.0,0.0,1457
CGTCCATGGGGTGA-1,0.0,0.0,1.0,1639
CGTCGACTACACTG-1,0.0,0.0,0.0,748
CGTCGACTGAGAGC-1,0.0,0.0,1.0,670
CGTGAAACAAGGCG-1,0.0,0.0,2.0,1366
CGTGAAACATGCCA-1,0.0,0.0,0.0,667
CGTGAAACCACTTT-1,0.0,0.0,0.0,1056
CGTGAAACTGAAGA-1,0.0,1.0,1.0,887
CGTGAATGAGATCC-1,0.0,0.0,1.0,608
CGTGATGACATTCT-1,0.0,0.0,0.0,615
CGTGATGACCTTCG-1,2.0,0.0,1.0,5199
CGTGCACTCACAAC-1,0.0,0.0,2.0,654
CGTGCACTCCGTTC-1,0.0,0.0,0.0,750
CGTGTAGACCGTAA-1,0.0,0.0,0.0,880
CGTGTAGAGCAGTT-1,0.0,0.0,0.0,726
CGTGTAGAGCGAAG-1,0.0,0.0,0.0,649
CGTGTAGAGGACTT-1,0.0,0.0,0.0,680
CGTTAACTTTGAGC-1,0.0,0.0,2.0,687
CGTTAGGAAACCAC-1,0.0,0.0,0.0,640
CGTTATACAATCGC-1,0.0,0.0,2.0,843
CGTTATACTCGCTC-1,0.0,0.0,0.0,890
CTAAACCTCAACTG-1,0.0,0.0,0.0,961
CTAAACCTCATGGT-1,0.0,0.0,3.0,756
CTAAACCTCTGCAA-1,0.0,4.0,1.0,3460
CTAAACCTTTTCGT-1,0.0,0.0,0.0,941
CTAACACTAACTGC-1,0.0,0.0,0.0,607
CTAACACTTAACGC-1,0.0,0.0,2.0,586
CTAACGGAAATGCC-1,0.0,0.0,0.0,579
CTAACGGAACCAAC-1,0.0,0.0,1.0,580
CTAACGGACCTTTA-1,0.0,0.0,0.0,787
CTAACGGACTTGGA-1,0.0,0.0,0.0,611
CTAACGGAGCAGTT-1,0.0,0.0,1.0,765
CTAACTACATTCTC-1,0.0,1.0,2.0,1195
CTAACTACTGTCGA-1,0.0,0.0,2.0,718
CTAAGGTGACCACA-1,0.0,0.0,0.0,903
CTAAGGTGAGCGTT-1,0.0,0.0,0.0,679
CTAAGGTGCCTTCG-1,0.0,0.0,1.0,640
CTAATAGATTAGGC-1,0.0,0.0,3.0,1153
CTAATGCTCGCATA-1,0.0,0.0,2.0,790
CTACAACTAGCATC-1,0.0,0.0,0.0,718
CTACCTCTTGCTCC-1,0.0,0.0,0.0,608
CTACGCACATCTTC-1,0.0,1.0,0.0,662
CTACGCACGGGATG-1,0.0,0.0,3.0,906
CTACGGCTAGAAGT-1,0.0,0.0,1.0,885
CTACGGCTGTTTGG-1,0.0,0.0,2.0,623
CTACGGCTTCGCAA-1,0.0,0.0,0.0,918
CTACTATGACGTTG-1,0.0,0.0,0.0,618
CTACTATGCCGTAA-1,0.0,0.0,1.0,916
CTACTATGTGCCTC-1,0.0,0.0,4.0,839
CTAGAGACTAGCCA-1,0.0,0.0,4.0,601
CTAGATCTCGAACT-1,0.0,0.0,0.0,761
CTAGATCTCTGGAT-1,0.0,0.0,1.0,953
CTAGATCTGCAGAG-1,0.0,0.0,0.0,747
CTAGGATGCTTGCC-1,0.0,0.0,1.0,935
CTAGGCCTCCAGTA-1,0.0,0.0,1.0,692
CTAGGCCTCCCTCA-1,0.0,0.0,0.0,1783
CTAGGCCTCTCAGA-1,0.0,0.0,0.0,650
CTAGGCCTTTACTC-1,2.0,0.0,0.0,5590
CTAGGTGACCACCT-1,0.0,0.0,0.0,648
CTAGGTGATATCTC-1,0.0,0.0,5.0,840
CTAGGTGATGAGCT-1,0.0,0.0,2.0,606
CTAGTTACCCTAAG-1,0.0,0.0,0.0,835
CTAGTTTGGATAAG-1,0.0,0.0,1.0,717
CTAGTTTGGGGACA-1,0.0,0.0,1.0,650
CTATAAGACAATCG-1,0.0,0.0,1.0,1269
CTATAAGATAGAAG-1,0.0,0.0,0.0,594
CTATAAGATCAAGC-1,0.0,0.0,0.0,1291
CTATACTGCACTAG-1,0.0,0.0,0.0,782
CTATAGCTCACCAA-1,0.0,0.0,2.0,728
CTATAGCTTAGACC-1,0.0,0.0,2.0,900
CTATCAACAAGCAA-1,0.0,0.0,3.0,1591
CTATCAACTGATGC-1,0.0,0.0,0.0,627
CTATCATGCCATGA-1,0.0,0.0,1.0,774
CTATCCCTCTTTAC-1,0.0,0.0,0.0,701
CTATCCCTTACGCA-1,0.0,0.0,3.0,1010
CTATGTACACGTAC-1,0.0,0.0,0.0,645
CTATGTACTGCAAC-1,0.0,0.0,0.0,588
CTATGTTGTAAGGA-1,0.0,0.0,2.0,760
CTCAGAGAGGTACT-1,0.0,0.0,0.0,1102
CTCAGAGAGGTAGG-1,0.0,0.0,1.0,983
CTCAGCTGACAGCT-1,0.0,0.0,0.0,684
CTCAGCTGACCTTT-1,0.0,0.0,0.0,1301
CTCAGCTGCCCGTT-1,0.0,0.0,2.0,719
CTCAGCTGCCTGAA-1,0.0,0.0,1.0,629
CTCAGCTGTGCAAC-1,0.0,0.0,1.0,2255
CTCAGCTGTTCCGC-1,0.0,0.0,0.0,598
CTCCACGACACACA-1,0.0,0.0,0.0,832
CTCCACGACCATGA-1,0.0,0.0,2.0,653
CTCCACGATCTGGA-1,0.0,0.0,3.0,742
CTCCATCTGGTAAA-1,0.0,0.0,2.0,968
CTCCATCTTGTGCA-1,0.0,0.0,2.0,703
CTCCGAACCGTTGA-1,0.0,0.0,0.0,590
CTCGAAGAACGTTG-1,0.0,0.0,0.0,607
CTCGAAGACAGATC-1,0.0,0.0,1.0,842
CTCGAAGACCTAAG-1,0.0,1.0,0.0,3102
CTCGAAGAGAGATA-1,0.0,0.0,0.0,1076
CTCGAAGATCATTC-1,0.0,0.0,0.0,984
CTCGAAGATCTTTG-1,0.0,0.0,0.0,649
CTCGACACACTCAG-1,0.0,0.0,3.0,894
CTCGACACCACTCC-1,0.0,0.0,0.0,628
CTCGACTGGGTGGA-1,0.0,0.0,0.0,983
CTCGAGCTACCAGT-1,0.0,0.0,0.0,832
CTCGAGCTATCTTC-1,0.0,0.0,0.0,579
CTCGAGCTATTCTC-1,0.0,0.0,0.0,740
CTCGAGCTTCCTGC-1,0.0,0.0,0.0,681
CTCGCATGCTCTTA-1,0.0,0.0,7.0,1554
CTCTAAACGGCAAG-1,0.0,0.0,3.0,2771
CTCTAAACTTTACC-1,0.0,0.0,5.0,922
CTCTAATGGAGGAC-1,0.0,0.0,0.0,1690
CTGAACGAGCTTAG-1,0.0,0.0,0.0,609
CTGAAGTGCAGCTA-1,0.0,0.0,0.0,2430
CTGAAGTGCAGTCA-1,0.0,0.0,0.0,774
CTGAAGTGTTTGCT-1,0.0,0.0,0.0,968
CTGAATCTCTGATG-1,0.0,0.0,3.0,759
CTGAATCTGCTAAC-1,0.0,0.0,3.0,1136
CTGAATCTTGTCGA-1,0.0,0.0,0.0,764
CTGACAGATCCTGC-1,0.0,0.0,2.0,835
CTGACAGATGCCCT-1,0.0,0.0,0.0,1398
CTGACCACCTGGAT-1,0.0,0.0,4.0,717
CTGAGAACTGAGCT-1,0.0,0.0,0.0,1076
CTGATACTGCCTTC-1,0.0,0.0,0.0,607
CTGATACTGGACAG-1,0.0,0.0,0.0,783
CTGATGGAGACGAG-1,0.0,0.0,2.0,733
CTGATTTGGTACCA-1,0.0,0.0,4.0,675
CTGCCAACCCTACC-1,8.0,0.0,0.0,6705
CTGGAAACAAAACG-1,0.0,0.0,0.0,914
CTGGAAACAGCACT-1,0.0,0.0,1.0,605
CTGGAAACCCAACA-1,0.0,0.0,3.0,1181
CTGGATGAAAAAGC-1,0.0,0.0,1.0,724
CTGGATGAAGTCGT-1,0.0,0.0,0.0,1909
CTGGCACTTTCTGT-1,0.0,0.0,3.0,765
CTGTAACTAGTAGA-1,0.0,0.0,0.0,666
CTGTATACATTGGC-1,0.0,0.0,0.0,762
CTGTATACGTGAGG-1,0.0,0.0,2.0,713
CTGTATACGTTCAG-1,0.0,0.0,0.0,606
CTGTGAGATCGCCT-1,0.0,0.0,3.0,1216
CTTAAGCTGAACCT-1,0.0,0.0,0.0,612
CTTACAACACTAGC-1,0.0,0.0,0.0,749
CTTACAACAGGTCT-1,0.0,0.0,1.0,843
CTTACATGGGTATC-1,0.0,0.0,3.0,839
CTTACATGGGTCTA-1,0.0,0.0,2.0,600
CTTACATGTCCGAA-1,0.0,0.0,1.0,1202
CTTACTGAACGGGA-1,0.0,0.0,3.0,1537
CTTAGACTTTATCC-1,0.0,0.0,0.0,730
CTTAGGGATATCTC-1,0.0,0.0,0.0,824
CTTATCGAAGAACA-1,0.0,0.0,4.0,655
CTTATCGACCCTCA-1,0.0,0.0,0.0,931
CTTATCGATGCCTC-1,0.0,0.0,1.0,1170
CTTCACCTCTACCC-1,0.0,5.0,1.0,5226
CTTCATGACTTCGC-1,0.0,0.0,3.0,1023
CTTCATGATGTGAC-1,0.0,0.0,0.0,982
CTTCTAGAACCGAT-1,0.0,0.0,1.0,596
CTTGAACTATACCG-1,0.0,0.0,0.0,826
CTTGAACTGAAACA-1,5.0,0.0,0.0,4344
CTTGAACTGTTTCT-1,0.0,0.0,0.0,1339
CTTGAACTTCCTCG-1,0.0,0.0,1.0,792
CTTGAACTTTCTAC-1,0.0,0.0,0.0,773
CTTGATTGCACTCC-1,0.0,0.0,0.0,761
CTTGATTGGTGTAC-1,0.0,0.0,2.0,2299
CTTGTATGCACTCC-1,0.0,0.0,0.0,634
CTTGTATGGTTTCT-1,0.0,0.0,0.0,1919
CTTGTATGTCTAGG-1,0.0,0.0,2.0,596
CTTTACGAACGTGT-1,0.0,1.0,0.0,3495
CTTTACGATTCGCC-1,0.0,4.0,1.0,2715
CTTTAGACTGTCAG-1,0.0,0.0,1.0,1790
CTTTAGTGCCTCGT-1,0.0,0.0,0.0,660
CTTTCAGATCTTCA-1,0.0,0.0,1.0,3562
CTTTGATGGCCTTC-1,0.0,0.0,6.0,1666
GAAACAGACTCAGA-1,0.0,0.0,0.0,697
GAAACCTGGGTATC-1,0.0,0.0,1.0,698
GAAAGATGGTACCA-1,6.0,0.0,0.0,5307
GAAAGCCTCTGAAC-1,0.0,0.0,2.0,857
GAACACACATGTCG-1,5.0,0.0,2.0,5107
GAACACACCTTCGC-1,2.0,0.0,0.0,6202
GAACACACGTTGCA-1,0.0,0.0,0.0,605
GAACCAACAGGTCT-1,0.0,0.0,0.0,759
GAACGGGATGCAAC-1,0.0,0.0,2.0,834
GAACGTTGTCTCCG-1,0.0,0.0,0.0,775
GAACGTTGTTACCT-1,0.0,0.0,2.0,909
GAACGTTGTTCATC-1,0.0,0.0,0.0,666
GAAGATGAGATGAA-1,0.0,5.0,1.0,1837
GAAGATGATACGAC-1,0.0,0.0,0.0,1088
GAAGCTACCATGGT-1,0.0,0.0,1.0,830
GAAGCTTGAAGAGT-1,0.0,0.0,1.0,675
GAAGGTCTTGCCTC-1,0.0,0.0,0.0,615
GAAGTAGACAGGAG-1,0.0,0.0,0.0,1136
GAAGTAGAGAGCAG-1,0.0,0.0,0.0,915
GAAGTAGAGGAGTG-1,0.0,0.0,2.0,647
GAAGTAGATGCAGT-1,0.0,0.0,3.0,686
GAAGTCACACGCAT-1,0.0,0.0,0.0,604
GAAGTCACCCTTGC-1,0.0,0.0,2.0,2402
GAAGTCACTATCGG-1,0.0,1.0,1.0,2767
GAAGTCTGAGGCGA-1,0.0,0.0,1.0,1285
GAAGTCTGCTTCCG-1,0.0,0.0,0.0,1063
GAAGTCTGGCAGTT-1,0.0,0.0,0.0,925
GAAGTCTGGTTCAG-1,0.0,0.0,1.0,1753
GAAGTCTGGTTCGA-1,0.0,0.0,1.0,723
GAATGGCTATCACG-1,0.0,0.0,0.0,728
GAATTAACAAGAGT-1,0.0,0.0,1.0,580
GAATTAACTGACCA-1,0.0,0.0,2.0,774
GAATTAACTTTCGT-1,0.0,0.0,0.0,913
GACAACACAGAATG-1,0.0,0.0,2.0,1032
GACAACACCACACA-1,0.0,0.0,1.0,730
GACAACACCGAATC-1,0.0,0.0,0.0,601
GACAACACCGACAT-1,0.0,0.0,0.0,637
GACAACACCTCTTA-1,0.0,0.0,0.0,1730
GACAACACGCAGTT-1,0.0,0.0,1.0,587
GACAACTGGTTCAG-1,0.0,0.0,0.0,606
GACACTGAACGGTT-1,0.0,0.0,2.0,1064
GACAGTACACTGTG-1,1.0,0.0,1.0,5622
GACAGTACTGACTG-1,0.0,0.0,0.0,609
GACAGTTGAAGGGC-1,0.0,0.0,2.0,1003
GACAGTTGACGGTT-1,0.0,0.0,1.0,582
GACATTCTAAGAGT-1,0.0,0.0,0.0,756
GACATTCTATGTGC-1,0.0,0.0,4.0,857
GACCAAACAATGCC-1,0.0,0.0,0.0,806
GACCATGATGGTTG-1,0.0,0.0,0.0,650
GACCCTACCCACCT-1,0.0,0.0,1.0,1010
GACCCTACCCGATA-1,0.0,0.0,3.0,705
GACCTAGAGAGACG-1,0.0,0.0,0.0,921
GACCTCACCCACAA-1,0.0,0.0,0.0,600
GACCTCTGACACAC-1,0.0,0.0,0.0,613
GACCTCTGGAATAG-1,0.0,0.0,2.0,1075
GACCTCTGGCTACA-1,0.0,3.0,3.0,2215
GACCTCTGTTCAGG-1,0.0,0.0,2.0,839
GACGAGGAAAGGTA-1,0.0,0.0,0.0,708
GACGAGGAGTCGTA-1,0.0,0.0,3.0,968
GACGATTGGCTGAT-1,0.0,0.0,4.0,856
GACGATTGGTTAGC-1,0.0,0.0,0.0,582
GACGCTCTAGGAGC-1,0.0,0.0,0.0,793
GACGCTCTCACTAG-1,0.0,0.0,0.0,588
GACGCTCTGACGAG-1,0.0,0.0,0.0,1405
GACGGCACACGACT-1,0.0,3.0,0.0,2470
GACGTAACATCACG-1,0.0,0.0,1.0,869
GACGTAACATCGTG-1,0.0,0.0,0.0,825
GACGTATGAAAAGC-1,0.0,0.0,2.0,995
GACGTATGAGAAGT-1,0.0,0.0,5.0,850
GACGTCCTACGTTG-1,0.0,0.0,0.0,854
GACTACGAGCATCA-1,0.0,1.0,2.0,2351
GACTCCTGATTCCT-1,0.0,1.0,0.0,2079
GACTCCTGTACAGC-1,0.0,0.0,3.0,719
GACTGAACAGTTCG-1,1.0,0.0,0.0,700
GACTGAACCCATAG-1,0.0,0.0,0.0,1034
GACTGAACCCGATA-1,0.0,0.0,0.0,758
GACTGAACCGTAAC-1,0.0,0.0,0.0,1248
GACTGAACGGGCAA-1,0.0,0.0,0.0,894
GACTGAACTGCACA-1,0.0,0.0,1.0,1395
GACTTTACGGACGA-1,0.0,0.0,1.0,1296
GAGAAATGTCTCGC-1,0.0,0.0,0.0,646
GAGATAGACGTACA-1,0.0,0.0,2.0,689
GAGATAGATTACTC-1,0.0,0.0,0.0,982
GAGATCACCCCACT-1,0.0,0.0,0.0,657
GAGATGCTAAAGTG-1,0.0,0.0,0.0,607
GAGATGCTCAGAGG-1,0.0,0.0,0.0,684
GAGATGCTCCGCTT-1,0.0,0.0,0.0,585
GAGATGCTTATCTC-1,0.0,0.0,0.0,786
GAGCAGGACGAATC-1,0.0,0.0,2.0,768
GAGCAGGACGTAAC-1,0.0,0.0,5.0,797
GAGCATACGAGCAG-1,0.0,0.0,0.0,878
GAGCATACGTACGT-1,0.0,0.0,3.0,603
GAGCATACGTCACA-1,0.0,0.0,0.0,756
GAGCGCACAGCCAT-1,0.0,0.0,1.0,725
GAGCGCACGTCGTA-1,0.0,0.0,1.0,672
GAGCGCTGGGTCTA-1,0.0,0.0,0.0,1378
GAGCGCTGTGAGGG-1,0.0,0.0,4.0,969
GAGCGGCTCATGCA-1,0.0,0.0,0.0,886
GAGCGGCTGTTTGG-1,0.0,0.0,6.0,1167
GAGCTCCTTTGGCA-1,0.0,0.0,0.0,588
GAGGACGAATTCCT-1,0.0,0.0,1.0,823
GAGGATCTACCCTC-1,0.0,0.0,7.0,766
GAGGATCTTGTCCC-1,0.0,0.0,0.0,612
GAGGCAGACATTTC-1,0.0,0.0,0.0,1269
GAGGCAGAGACGAG-1,0.0,0.0,0.0,654
GAGGCCACAAAGCA-1,0.0,0.0,0.0,626
GAGGCCACGTTGGT-1,0.0,0.0,4.0,595
GAGGGAACCTCCAC-1,0.0,0.0,4.0,717
GAGGGAACGAGATA-1,0.0,0.0,3.0,798
GAGGGCCTAGCGGA-1,0.0,0.0,1.0,592
GAGGGCCTAGGTTC-1,0.0,0.0,0.0,645
GAGGGTGAGTAGCT-1,0.0,0.0,0.0,670
GAGGGTGATACGCA-1,1.0,1.0,0.0,5465
GAGGTACTCTTCCG-1,0.0,0.0,0.0,579
GAGGTACTGCATCA-1,0.0,0.0,0.0,715
GAGGTACTTTCGGA-1,0.0,0.0,1.0,737
GAGGTGGACCGAAT-1,0.0,0.0,3.0,845
GAGGTTTGCATCAG-1,0.0,0.0,4.0,670
GAGGTTTGCGTGTA-1,0.0,0.0,6.0,1616
GAGGTTTGCTGGTA-1,0.0,0.0,1.0,1290
GAGGTTTGGTACAC-1,0.0,0.0,2.0,594
GAGGTTTGTACGAC-1,0.0,0.0,4.0,697
GAGGTTTGTACTCT-1,0.0,0.0,0.0,668
GAGTAAGAACCAAC-1,0.0,0.0,5.0,827
GAGTAAGAGGATTC-1,0.0,1.0,0.0,1156
GAGTACACAAGTAG-1,0.0,0.0,0.0,589
GAGTACACCCTACC-1,0.0,0.0,1.0,581
GAGTCTGAGACAGG-1,0.0,0.0,0.0,589
GAGTGACTTACTTC-1,4.0,0.0,0.0,5588
GAGTGGGAAGTTCG-1,0.0,0.0,4.0,609
GAGTGTTGAGGCGA-1,0.0,0.0,4.0,979
GAGTGTTGCGATAC-1,0.0,0.0,0.0,864
GAGTGTTGCTCATT-1,0.0,5.0,0.0,4757
GAGTGTTGGTGTCA-1,0.0,0.0,4.0,1020
GAGTGTTGTTGACG-1,0.0,0.0,2.0,1347
GATAAGGAAAAAGC-1,0.0,0.0,0.0,595
GATAAGGAACCCAA-1,0.0,0.0,0.0,872
GATAAGGAACGGAG-1,0.0,0.0,1.0,990
GATAATACAAGAGT-1,0.0,0.0,0.0,4931
GATAATACCACTGA-1,0.0,0.0,1.0,577
GATACTCTACCACA-1,0.0,0.0,1.0,913
GATAGAGATGAACC-1,0.0,0.0,0.0,1204
GATAGCACAGTGCT-1,0.0,0.0,0.0,613
GATAGCACCTTCCG-1,0.0,0.0,3.0,795
GATAGCACCTTGAG-1,0.0,0.0,0.0,715
GATAGCACGAGGAC-1,0.0,2.0,7.0,1934
GATATCCTCCACAA-1,0.0,0.0,1.0,587
GATATCCTGTAGGG-1,0.0,0.0,0.0,617
GATATCCTGTCCTC-1,0.0,0.0,0.0,692
GATATTGATACTTC-1,0.0,0.0,2.0,619
GATCATCTCCTGAA-1,0.0,0.0,0.0,1037
GATCCCTGTTCCGC-1,0.0,0.0,1.0,648
GATCCGCTCAAGCT-1,0.0,0.0,4.0,702
GATCCGCTTGAGAA-1,0.0,0.0,2.0,613
GATCGAACAAACGA-1,0.0,0.0,0.0,706
GATCGATGTCGATG-1,0.0,0.0,0.0,676
GATCGATGTGTTCT-1,0.0,0.0,0.0,603
GATCGTGAAGCCTA-1,0.0,0.0,2.0,1101
GATCGTGAGTCATG-1,0.0,0.0,1.0,1128
GATCTACTACCCTC-1,0.0,0.0,2.0,892
GATCTACTATCTCT-1,0.0,0.0,1.0,907
GATCTACTCAATCG-1,0.0,1.0,0.0,2156
GATCTACTGTTCTT-1,0.0,0.0,0.0,790
GATGCAACACCTGA-1,0.0,0.0,0.0,630
GATGCAACTATCGG-1,0.0,0.0,0.0,735
GATGCAACTGGTTG-1,0.0,0.0,4.0,1275
GATGCCCTAGACTC-1,0.0,0.0,0.0,783
GATGCCCTTTCACT-1,0.0,0.0,1.0,581
GATTACCTCGAACT-1,0.0,0.0,0.0,1046
GATTACCTTATCTC-1,0.0,0.0,0.0,765
GATTCGGAAGGAGC-1,0.0,0.0,0.0,617
GATTCGGACCAACA-1,0.0,0.0,0.0,968
GATTCGGACCTTCG-1,0.0,0.0,0.0,632
GATTCTACACCTGA-1,0.0,0.0,0.0,2350
GATTCTACACGGTT-1,0.0,0.0,1.0,679
GATTCTACGAACCT-1,0.0,0.0,5.0,764
GATTCTACTGTCAG-1,0.0,0.0,0.0,609
GATTCTTGCGTTGA-1,0.0,0.0,0.0,593
GATTGGACGAGGGT-1,0.0,0.0,0.0,627
GATTTAGAGGAGCA-1,0.0,11.0,2.0,4538
GATTTAGATTACTC-1,0.0,0.0,1.0,670
GATTTGCTCAACCA-1,0.0,0.0,2.0,1146
GATTTGCTGGGAGT-1,0.0,0.0,2.0,849
GATTTGCTGGTCAT-1,0.0,0.0,2.0,942
GATTTGCTTCTTCA-1,0.0,0.0,0.0,1106
GCAAACTGGCTTAG-1,2.0,0.0,0.0,7563
GCAACCCTGCAGAG-1,0.0,0.0,5.0,667
GCAACTGAAGCACT-1,0.0,0.0,0.0,698
GCAACTGATGCCCT-1,0.0,0.0,0.0,1366
GCAATCGAAGCCAT-1,0.0,0.0,0.0,713
GCAATCGAGTTCTT-1,0.0,0.0,0.0,590
GCAATTCTATGCCA-1,0.0,0.0,2.0,860
GCAATTCTGTAAGA-1,0.0,0.0,1.0,975
GCAATTCTTGCTTT-1,0.0,0.0,1.0,670
GCACAATGGCGAAG-1,0.0,0.0,1.0,805
GCACACCTTTTCAC-1,0.0,0.0,0.0,859
GCACCACTCCCTCA-1,0.0,0.0,0.0,934
GCACCACTTGCCAA-1,0.0,0.0,0.0,691
GCACCTACCTTGGA-1,0.0,0.0,0.0,1082
GCACCTTGGGGATG-1,3.0,0.0,0.0,5202
GCACGGACCCTATT-1,0.0,0.0,0.0,1504
GCACGGACGCAGTT-1,0.0,0.0,1.0,851
GCACGGTGCCTATT-1,0.0,0.0,1.0,594
GCACGTCTAGGTTC-1,0.0,0.0,1.0,648
GCACTAGACCTATT-1,0.0,0.0,0.0,665
GCACTAGATCACGA-1,0.0,0.0,0.0,723
GCACTGCTAACTGC-1,0.0,1.0,0.0,609
GCACTGCTTGTCTT-1,0.0,0.0,2.0,599
GCAGATACAAAGTG-1,0.0,0.0,8.0,969
GCAGATACCGGTAT-1,0.0,0.0,3.0,969
GCAGCCGAATTTCC-1,0.0,0.0,0.0,1007
GCAGGCACCATACG-1,0.0,0.0,0.0,657
GCAGGCACCGCTAA-1,0.0,0.0,2.0,2383
GCAGGGCTGGTTTG-1,0.0,0.0,3.0,968
GCAGTCCTCCTCAC-1,0.0,0.0,2.0,822
GCAGTCCTTTAGGC-1,0.0,0.0,0.0,631
GCAGTTGACGCCTT-1,0.0,0.0,1.0,661
GCATCAGACCGTTC-1,0.0,0.0,1.0,679
GCATGTGAAAGTAG-1,0.0,0.0,2.0,673
GCATGTGAAGTACC-1,0.0,0.0,0.0,793
GCATGTGACTGAAC-1,0.0,0.0,0.0,795
GCATGTGACTTCGC-1,0.0,0.0,0.0,835
GCATGTGATTCTGT-1,0.0,0.0,0.0,875
GCATTGGATGTCCC-1,0.0,0.0,0.0,1873
GCCAAAACACCACA-1,0.0,0.0,1.0,723
GCCAAAACCTTGTT-1,0.0,0.0,0.0,753
GCCAAATGAGCAAA-1,0.0,0.0,0.0,587
GCCAAATGCCTTAT-1,0.0,1.0,2.0,846
GCCAAATGTCCTGC-1,0.0,0.0,0.0,4992
GCCAAATGTTGCAG-1,0.0,0.0,0.0,1350
GCCAACCTCTCAGA-1,0.0,1.0,1.0,1602
GCCACGGACATTCT-1,0.0,0.0,0.0,752
GCCACGGACGTTGA-1,0.0,0.0,0.0,774
GCCACGGAGTCGTA-1,0.0,0.0,0.0,692
GCCACGGATAGACC-1,0.0,3.0,15.0,3943
GCCACGGATCACGA-1,5.0,0.0,0.0,5138
GCCACGGATTCTTG-1,0.0,0.0,1.0,732
GCCACTACCTATTC-1,0.0,5.0,0.0,4555
GCCACTACGGACAG-1,0.0,0.0,1.0,1229
GCCATCACCAACTG-1,0.0,0.0,1.0,583
GCCATCACCTCGAA-1,0.0,0.0,1.0,965
GCCATCACGAACTC-1,0.0,0.0,3.0,811
GCCATCACTGGAGG-1,0.0,0.0,2.0,611
GCCATGCTAGGCGA-1,0.0,0.0,0.0,588
GCCCAACTAGCTAC-1,0.0,0.0,2.0,1171
GCCCAACTAGGGTG-1,0.0,0.0,0.0,678
GCCCAACTCCGTTC-1,0.0,0.0,0.0,3818
GCCCAACTTGCTTT-1,0.0,0.0,0.0,1439
GCCCAACTTTCTGT-1,0.0,0.0,0.0,906
GCCCAGGATTCGGA-1,0.0,0.0,1.0,773
GCCGACGAACCACA-1,0.0,0.0,0.0,591
GCCGACGAGTGCAT-1,0.0,0.0,0.0,792
GCCGAGTGGTACCA-1,0.0,0.0,1.0,736
GCCGGAACCATTCT-1,0.0,0.0,1.0,778
GCCGGAACTGCTTT-1,0.0,0.0,0.0,575
GCCGTACTGTTCGA-1,0.0,0.0,0.0,700
GCCGTACTTGAGGG-1,0.0,4.0,0.0,3543
GCCTACACGTACGT-1,0.0,0.0,1.0,577
GCCTAGCTATCTCT-1,0.0,0.0,0.0,603
GCCTCAACACCATG-1,0.0,0.0,0.0,787
GCCTCAACCAGAAA-1,0.0,0.0,1.0,580
GCCTCAACCCTCGT-1,0.0,0.0,2.0,756
GCCTCAACTTACCT-1,0.0,0.0,1.0,850
GCCTCATGGTTGTG-1,0.0,0.0,0.0,624
GCCTGACTAGCCTA-1,0.0,0.0,3.0,1391
GCGACTCTATTCTC-1,0.0,0.0,0.0,755
GCGACTCTCTGAGT-1,0.0,0.0,0.0,731
GCGAGAGAAACGTC-1,0.0,0.0,3.0,589
GCGAGAGACAGAAA-1,0.0,1.0,4.0,1905
GCGAGAGATTGAGC-1,0.0,0.0,1.0,581
GCGAGCACCATACG-1,0.0,0.0,0.0,951
GCGAGCACCTGAAC-1,0.0,0.0,1.0,1861
GCGATATGAGGTTC-1,0.0,0.0,1.0,630
GCGATATGTCCTGC-1,0.0,0.0,1.0,728
GCGATATGTGTCCC-1,0.0,0.0,2.0,744
GCGCACGAGGTCAT-1,0.0,0.0,1.0,1185
GCGCACGATCTCTA-1,0.0,0.0,1.0,609
GCGCATCTCACTAG-1,0.0,0.0,1.0,683
GCGCGAACCAGGAG-1,0.0,0.0,1.0,687
GCGCGATGATGCTG-1,0.0,0.0,0.0,1319
GCGCGATGCGGTAT-1,0.0,0.0,0.0,1118
GCGCGATGCTGAAC-1,0.0,0.0,1.0,1341
GCGGACTGACGTGT-1,0.0,0.0,0.0,678
GCGGAGCTCGTTGA-1,0.0,0.0,1.0,1185
GCGGAGCTGTATGC-1,0.0,0.0,0.0,681
GCGGAGCTGTTGCA-1,0.0,0.0,0.0,735
GCGGAGCTGTTGGT-1,0.0,0.0,3.0,1403
GCGTAAACAATGCC-1,0.0,0.0,1.0,849
GCGTAAACCCGTAA-1,0.0,0.0,0.0,725
GCGTAAACGTAGCT-1,0.0,0.0,1.0,735
GCGTAAACTCCGAA-1,0.0,0.0,0.0,793
GCGTACCTACGTTG-1,0.0,0.0,2.0,724
GCGTATGACCTTGC-1,0.0,0.0,3.0,642
GCGTATGACGGAGA-1,0.0,0.0,2.0,636
GCTACAGATACTCT-1,2.0,0.0,0.0,6072
GCTACCTGCTGAAC-1,0.0,0.0,0.0,748
GCTACGCTACTGGT-1,0.0,0.0,0.0,799
GCTACGCTAGTGTC-1,0.0,0.0,1.0,587
GCTACGCTTTTCTG-1,0.0,0.0,0.0,623
GCTCAAGAGTCGAT-1,0.0,0.0,0.0,990
GCTCACTGAGAACA-1,0.0,0.0,0.0,603
GCTCACTGAGCATC-1,0.0,1.0,3.0,1486
GCTCACTGGCGTTA-1,0.0,0.0,0.0,603
GCTCACTGTAGTCG-1,0.0,0.0,1.0,1137
GCTCAGCTTGTCTT-1,0.0,0.0,0.0,724
GCTCAGCTTTTGTC-1,0.0,0.0,0.0,702
GCTCCATGGCCATA-1,0.0,0.0,0.0,1153
GCTCGACTTTCTGT-1,0.0,0.0,0.0,666
GCTGATGAATACCG-1,0.0,0.0,2.0,749
GCTGATGATCTCCG-1,0.0,0.0,8.0,1145
GCTGATGATGGAGG-1,0.0,0.0,3.0,839
GCTTGAGACATGAC-1,0.0,0.0,2.0,769
GCTTGAGAGGTACT-1,0.0,0.0,3.0,934
GGAACACTCACACA-1,0.0,0.0,5.0,1240
GGAACACTTCCTAT-1,0.0,0.0,1.0,743
GGAACTTGCATACG-1,0.0,0.0,4.0,783
GGAAGGACTGCCTC-1,0.0,0.0,4.0,959
GGAAGGTGATCAGC-1,0.0,0.0,1.0,1166
GGAAGGTGGGAACG-1,0.0,1.0,0.0,630
GGAAGGTGTCGCAA-1,0.0,0.0,2.0,745
GGAATCTGTGCTAG-1,5.0,0.0,0.0,4729
GGAATGCTACCAGT-1,0.0,0.0,5.0,803
GGAATGCTCCAAGT-1,0.0,0.0,0.0,659
GGAATGCTCCTGTC-1,0.0,0.0,3.0,982
GGAATGCTTACTTC-1,0.0,0.0,0.0,582
GGACAACTCCTAAG-1,0.0,0.0,2.0,679
GGACAACTGAGAGC-1,0.0,0.0,0.0,744
GGACAACTTGATGC-1,0.0,0.0,1.0,685
GGACAACTTGCTCC-1,3.0,0.0,0.0,4320
GGACAGGACTGAAC-1,0.0,0.0,5.0,902
GGACAGGAGTTTCT-1,0.0,0.0,2.0,668
GGACATTGCTAGAC-1,0.0,0.0,1.0,766
GGACATTGGCATCA-1,0.0,0.0,1.0,757
GGACCCGAATGTGC-1,0.0,0.0,4.0,1374
GGACCCGACACTGA-1,0.0,0.0,1.0,1050
GGACCGTGCTGGAT-1,0.0,0.0,1.0,721
GGACCTCTCTAGAC-1,0.0,0.0,2.0,811
GGACCTCTGCCCTT-1,0.0,0.0,0.0,800
GGACCTCTTAAGGA-1,0.0,0.0,5.0,655
GGACCTCTTGTGGT-1,0.0,0.0,0.0,633
GGACGAGACATTGG-1,0.0,0.0,0.0,685
GGACGCACACGTAC-1,0.0,0.0,1.0,1169
GGACGCACGAATAG-1,0.0,0.0,0.0,772
GGACGCTGGGTTAC-1,1.0,0.0,3.0,1074
GGACTATGAGCGTT-1,0.0,0.0,0.0,576
GGACTATGCCAACA-1,6.0,0.0,0.0,4967
GGAGACGAACCTTT-1,0.0,0.0,3.0,592
GGAGACGAGCTGAT-1,0.0,5.0,0.0,3614
GGAGACGATGGTCA-1,0.0,0.0,1.0,688
GGAGCAGAAAGCCT-1,0.0,0.0,1.0,1258
GGAGCAGAGACAGG-1,0.0,0.0,0.0,756
GGAGCAGAGGTTTG-1,0.0,0.0,1.0,1568
GGAGCAGATGACAC-1,0.0,0.0,1.0,843
GGAGCCACGTATCG-1,1.0,0.0,0.0,5873
GGAGCCACTACTGG-1,0.0,1.0,0.0,620
GGAGCGCTCCATAG-1,0.0,0.0,0.0,621
GGAGGATGCGACAT-1,0.0,0.0,0.0,584
GGAGGATGGGACTT-1,0.0,0.0,4.0,1865
GGAGGATGTGGCAT-1,0.0,0.0,1.0,689
GGAGGCCTTGAGAA-1,0.0,0.0,0.0,1265
GGAGTTACCCTGAA-1,0.0,0.0,1.0,678
GGAGTTTGGTTGTG-1,0.0,0.0,0.0,599
GGAGTTTGTGACCA-1,0.0,0.0,2.0,662
GGATACTGGAAACA-1,0.0,6.0,2.0,4724
GGATAGCTACACTG-1,0.0,0.0,1.0,1162
GGATAGCTCCGATA-1,0.0,0.0,3.0,1286
GGATGTTGCTCTCG-1,0.0,0.0,0.0,1978
GGATGTTGGCGGAA-1,0.0,0.0,2.0,966
GGATGTTGTACTTC-1,0.0,0.0,0.0,601
GGATGTTGTGCTTT-1,0.0,0.0,1.0,623
GGATTGTGAACCAC-1,0.0,0.0,0.0,1330
GGATTGTGGGTTCA-1,0.0,0.0,1.0,731
GGATTGTGGTGTTG-1,0.0,0.0,1.0,815
GGATTGTGTCCTGC-1,0.0,0.0,0.0,630
GGATTGTGTCTCAT-1,0.0,0.0,0.0,1706
GGCAAGGAATGTCG-1,0.0,0.0,0.0,781
GGCAAGGACCCTAC-1,0.0,0.0,2.0,1143
GGCAAGGAGGAGCA-1,0.0,0.0,0.0,757
GGCAATACGACGAG-1,0.0,0.0,1.0,667
GGCACGTGGCGAGA-1,0.0,0.0,1.0,1006
GGCACGTGGCTACA-1,0.0,0.0,0.0,672
GGCACTCTCGTTGA-1,0.0,0.0,1.0,696
GGCACTCTGTTGTG-1,0.0,0.0,0.0,865
GGCATATGAGCTAC-1,0.0,0.0,1.0,843
GGCATATGTCAGTG-1,0.0,0.0,1.0,759
GGCCACGAGAAAGT-1,0.0,0.0,0.0,1435
GGCCGATGGAAACA-1,0.0,0.0,0.0,654
GGCCGATGTCTTAC-1,0.0,0.0,0.0,784
GGCGACACAGATGA-1,0.0,0.0,3.0,1280
GGCGACACCAGCTA-1,0.0,0.0,0.0,629
GGCGACACGAGATA-1,0.0,0.0,1.0,646
GGCGACACTGTGCA-1,0.0,0.0,1.0,607
GGCGACTGCCCGTT-1,0.0,2.0,0.0,948
GGCGACTGCGTAAC-1,0.0,0.0,0.0,3852
GGCGCATGATTCCT-1,0.0,0.0,0.0,818
GGCGCATGCCATGA-1,11.0,0.0,1.0,6142
GGCGCATGCTTCGC-1,0.0,0.0,2.0,603
GGCGCATGGTGAGG-1,0.0,0.0,1.0,2281
GGCGCATGTTCACT-1,0.0,0.0,2.0,1410
GGCGCATGTTCGTT-1,0.0,0.0,2.0,1521
GGCGGACTCGAGTT-1,0.0,0.0,0.0,1076
GGCGGACTCTTCGC-1,0.0,0.0,1.0,743
GGCGGACTGCGTTA-1,0.0,0.0,0.0,811
GGCGGACTGTCATG-1,0.0,1.0,0.0,857
GGCGGACTTATCGG-1,0.0,0.0,0.0,1009
GGCGGACTTTACCT-1,0.0,0.0,2.0,622
GGCGGACTTTTACC-1,0.0,0.0,1.0,785
GGCTAAACTGGTCA-1,0.0,0.0,1.0,872
GGCTAATGTGCATG-1,4.0,0.0,0.0,6185
GGCTACCTCTTTAC-1,0.0,0.0,0.0,779
GGCTACCTGGTAAA-1,0.0,0.0,0.0,659
GGCTCACTCGCCTT-1,0.0,0.0,1.0,897
GGGAACGAAAGCAA-1,0.0,0.0,0.0,800
GGGAAGTGCAACCA-1,0.0,0.0,1.0,725
GGGAAGTGCACTGA-1,0.0,0.0,0.0,908
GGGAAGTGGCCCTT-1,0.0,0.0,2.0,937
GGGAAGTGGTTCTT-1,0.0,0.0,1.0,746
GGGAAGTGTATCGG-1,0.0,0.0,1.0,657
GGGACCTGAGTACC-1,0.0,0.0,0.0,608
GGGACCTGCTTCGC-1,0.0,0.0,0.0,624
GGGATGGATTTCGT-1,0.0,0.0,0.0,679
GGGATTACTACTCT-1,0.0,0.0,0.0,636
GGGCAAGACCCTCA-1,0.0,0.0,0.0,587
GGGCAGCTCATTGG-1,0.0,0.0,0.0,709
GGGCAGCTCGAGTT-1,0.0,0.0,3.0,961
GGGCAGCTGCTGAT-1,0.0,0.0,0.0,708
GGGCCAACAAGCCT-1,0.0,0.0,2.0,1150
GGGCCATGAAGGTA-1,0.0,0.0,2.0,974
GGGCCATGAAGTGA-1,0.0,0.0,0.0,637
GGGTAACTCTACGA-1,0.0,0.0,6.0,987
GGGTAACTTAAGCC-1,0.0,0.0,2.0,1014
GGGTTATGCGCTAA-1,0.0,2.0,0.0,715
GGTACAACCTTATC-1,0.0,0.0,1.0,1419
GGTACAACGGACGA-1,0.0,0.0,0.0,1605
GGTACATGACGGTT-1,0.0,0.0,7.0,1206
GGTACATGCTAGTG-1,0.0,0.0,0.0,773
GGTACATGTCAGTG-1,0.0,0.0,0.0,776
GGTACATGTTGACG-1,0.0,0.0,1.0,618
GGTACTGAACACAC-1,0.0,0.0,0.0,1222
GGTACTGAAGAATG-1,0.0,0.0,0.0,645
GGTACTGACCTCAC-1,0.0,0.0,0.0,870
GGTAGTACCCGAAT-1,0.0,0.0,0.0,677
GGTAGTACGTTTCT-1,0.0,1.0,0.0,1278
GGTAGTACTCTTCA-1,0.0,0.0,1.0,1045
GGTATGACATGACC-1,0.0,0.0,4.0,750
GGTCAAACCCTTGC-1,0.0,0.0,0.0,581
GGTCAAACCGCCTT-1,0.0,0.0,2.0,583
GGTCAAACCTCTAT-1,7.0,0.0,2.0,5581
GGTCTAGAACGGGA-1,0.0,0.0,0.0,1107
GGTCTAGACAGATC-1,0.0,0.0,1.0,694
GGTCTAGACAGCTA-1,0.0,0.0,2.0,971
GGTGATACTTTGGG-1,0.0,0.0,4.0,937
GGTGGAGACTTAGG-1,0.0,0.0,0.0,722
GGTGGAGAGATACC-1,0.0,0.0,0.0,711
GGTGGAGATGCAAC-1,0.0,0.0,1.0,675
GGTTGAACGTGAGG-1,0.0,0.0,1.0,695
GGTTTACTGCGAGA-1,0.0,0.0,1.0,676
GGTTTACTTCATTC-1,0.0,0.0,0.0,962
GTAACGTGGGGCAA-1,0.0,0.0,0.0,3214
GTAAGCACATTCCT-1,0.0,0.0,0.0,598
GTAAGCACCTAGAC-1,0.0,0.0,2.0,695
GTAAGCACTCAGGT-1,0.0,0.0,0.0,662
GTAATAACATCGAC-1,0.0,1.0,0.0,595
GTAATAACGTGCAT-1,0.0,0.0,0.0,877
GTACAGTGCCCAAA-1,0.0,0.0,0.0,625
GTACAGTGTGGTCA-1,0.0,0.0,0.0,822
GTACCCTGGACGTT-1,0.0,0.0,0.0,1202
GTACCCTGTCGACA-1,0.0,0.0,0.0,599
GTACCCTGTGGATC-1,0.0,0.0,4.0,924
GTACGAACCTTATC-1,0.0,0.0,1.0,584
GTACGAACGTCTGA-1,0.0,0.0,1.0,767
GTACGTGAACTCTT-1,0.0,9.0,5.0,2357
GTACGTGACAAAGA-1,0.0,0.0,0.0,784
GTACTACTCTAGAC-1,0.0,0.0,1.0,932
GTACTACTTGGTTG-1,0.0,0.0,0.0,833
GTACTTTGACCCAA-1,0.0,0.0,0.0,577
GTAGACTGCTTACT-1,0.0,0.0,1.0,637
GTAGACTGTACGAC-1,0.0,0.0,1.0,735
GTAGCATGCGTTAG-1,0.0,0.0,3.0,1086
GTAGCTGAACCCTC-1,0.0,0.0,0.0,777
GTAGCTGACGTTGA-1,0.0,1.0,0.0,989
GTAGCTGATCGCTC-1,0.0,0.0,0.0,1031
GTAGCTGATTGGCA-1,0.0,0.0,1.0,993
GTAGGTACAAGCCT-1,0.0,0.0,2.0,766
GTAGGTACAAGTGA-1,0.0,0.0,3.0,1086
GTAGGTACCATTTC-1,0.0,4.0,6.0,1863
GTAGGTACCTAGTG-1,0.0,0.0,0.0,846
GTAGGTACGGTACT-1,0.0,0.0,0.0,650
GTAGGTACGGTGGA-1,0.0,0.0,2.0,879
GTAGGTACTGCGTA-1,0.0,0.0,3.0,1098
GTAGGTACTGTCCC-1,0.0,0.0,2.0,1322
GTAGTCGAAAGAAC-1,0.0,0.0,0.0,1340
GTAGTCGATCAGAC-1,0.0,0.0,2.0,760
GTAGTGTGCAGATC-1,0.0,0.0,1.0,637
GTAGTGTGGACGGA-1,0.0,0.0,2.0,1177
GTAGTGTGGTAAAG-1,0.0,0.0,1.0,686
GTAGTGTGGTAGGG-1,0.0,0.0,4.0,1094
GTAGTGTGTACGAC-1,0.0,0.0,3.0,991
GTAGTGTGTGTCTT-1,0.0,0.0,2.0,587
GTATCACTACACGT-1,0.0,0.0,0.0,637
GTATCTACAAGGCG-1,0.0,0.0,2.0,759
GTATCTACACGCTA-1,0.0,0.0,0.0,599
GTATCTACGACACT-1,0.0,0.0,1.0,888
GTATCTACGTTGTG-1,0.0,0.0,0.0,821
GTATGGTGAACGAA-1,0.0,0.0,0.0,1388
GTATGGTGTACTCT-1,0.0,0.0,6.0,730
GTATGGTGTAGAGA-1,0.0,0.0,1.0,774
GTATTCACAGATGA-1,0.0,0.0,0.0,617
GTATTCACCACTTT-1,0.0,0.0,0.0,1459
GTATTCACGTTGCA-1,0.0,0.0,0.0,1189
GTATTCACGTTGTG-1,0.0,0.0,1.0,615
GTATTCACTTATCC-1,0.0,0.0,0.0,630
GTCAACGACATGCA-1,0.0,0.0,1.0,589
GTCAATCTCTTATC-1,4.0,0.0,0.0,4878
GTCACAGACCCTCA-1,0.0,0.0,3.0,830
GTCACAGACGTCTC-1,0.0,0.0,1.0,730
GTCACAGATAGAAG-1,0.0,0.0,2.0,642
GTCACAGATTCTCA-1,0.0,0.0,0.0,595
GTCACCTGGATACC-1,0.0,0.0,3.0,1522
GTCACCTGTGGTTG-1,0.0,0.0,0.0,715
GTCATACTAAGGCG-1,0.0,0.0,3.0,1144
GTCCACTGCTCGAA-1,0.0,0.0,0.0,770
GTCCACTGGGTTAC-1,0.0,0.0,0.0,1148
GTCCAGCTATGGTC-1,0.0,0.0,0.0,838
GTCCCATGAAGAAC-1,0.0,0.0,1.0,969
GTCGAATGCTGTAG-1,0.0,0.0,0.0,664
GTCGACCTACACTG-1,0.0,0.0,0.0,593
GTCGCACTTATCGG-1,0.0,0.0,0.0,784
GTCTAACTGCGTTA-1,0.0,1.0,1.0,1912
GTCTAACTTGTCAG-1,0.0,0.0,0.0,647
GTCTAGGAAGACTC-1,0.0,0.0,2.0,969
GTCTAGGATATTCC-1,4.0,0.0,0.0,5126
GTCTAGGATGATGC-1,0.0,0.0,0.0,946
GTCTGAGATCGCAA-1,6.0,0.0,0.0,3555
GTGAACACGGCAAG-1,0.0,0.0,0.0,598
GTGACAACCGTCTC-1,0.0,1.0,0.0,828
GTGACAACGGGCAA-1,0.0,0.0,0.0,637
GTGACCCTGAAGGC-1,0.0,0.0,5.0,866
GTGACCCTGTCATG-1,0.0,0.0,0.0,604
GTGATCGACACTAG-1,0.0,0.0,1.0,838
GTGATCGACTGCTC-1,0.0,0.0,4.0,1342
GTGATTCTACCCTC-1,0.0,0.0,1.0,657
GTGATTCTCCCTAC-1,0.0,0.0,3.0,1049
GTGCAAACACAGCT-1,0.0,0.0,3.0,896
GTGCAAACACTACG-1,0.0,0.0,0.0,1588
GTGCAAACATCGAC-1,0.0,0.0,6.0,813
GTGCAAACATGTCG-1,0.0,0.0,1.0,636
GTGCAAACCTGTAG-1,0.0,0.0,3.0,1125
GTGCAAACTAACGC-1,0.0,0.0,0.0,785
GTGCCACTCCCTCA-1,0.0,0.0,2.0,634
GTGCTAGATACAGC-1,0.0,0.0,0.0,868
GTGCTAGATACTCT-1,2.0,0.0,0.0,6112
GTGGAGGAGTAAGA-1,0.0,0.0,0.0,651
GTGGAGGAGTGTCA-1,0.0,0.0,0.0,599
GTGGATTGATTGGC-1,0.0,0.0,0.0,1566
GTGGATTGCGTGAT-1,0.0,0.0,0.0,655
GTGGATTGTCGTTT-1,0.0,0.0,1.0,631
GTGGATTGTGCATG-1,0.0,0.0,1.0,1438
GTGGTAACCCGATA-1,0.0,0.0,1.0,619
GTGGTAACGACTAC-1,0.0,0.0,2.0,858
GTGGTAACGGAACG-1,0.0,0.0,2.0,710
GTGGTAACGTGCAT-1,0.0,0.0,0.0,791
GTGTACGACCAATG-1,0.0,0.0,0.0,576
GTGTACGAGTTAGC-1,0.0,0.0,2.0,591
GTGTAGTGCACTAG-1,0.0,0.0,0.0,669
GTGTATCTACTACG-1,0.0,0.0,1.0,681
GTGTATCTATCGAC-1,0.0,0.0,0.0,1092
GTGTATCTCTGACA-1,0.0,0.0,0.0,743
GTGTATCTGCTGTA-1,0.0,0.0,0.0,651
GTGTCAGAAACCTG-1,0.0,0.0,0.0,628
GTGTCAGATTGAGC-1,0.0,0.0,0.0,695
GTGTCAGATTTCTG-1,0.0,0.0,2.0,651
GTGTGATGTGTTCT-1,0.0,0.0,2.0,878
GTTAAAACGTTCAG-1,0.0,0.0,0.0,1438
GTTAAATGGTATGC-1,0.0,0.0,0.0,614
GTTAACCTACGCTA-1,0.0,0.0,1.0,1274
GTTAACCTCATTTC-1,0.0,0.0,2.0,738
GTTAACCTCGAATC-1,0.0,0.0,0.0,752
GTTAACCTTTCCCG-1,0.0,0.0,2.0,802
GTTACGGAAACGAA-1,0.0,0.0,1.0,956
GTTACTACCTGCTC-1,0.0,0.0,0.0,1189
GTTACTACTCGCTC-1,0.0,0.0,3.0,912
GTTACTACTCTTCA-1,0.0,0.0,0.0,1033
GTTAGGTGCATGCA-1,0.0,0.0,1.0,937
GTTAGTCTCGCATA-1,0.0,0.0,2.0,1117
GTTATAGAAGCGTT-1,0.0,0.0,0.0,616
GTTATCTGACCTGA-1,0.0,0.0,0.0,659
GTTATCTGGGGAGT-1,0.0,0.0,0.0,741
GTTATCTGGGGATG-1,0.0,0.0,0.0,667
GTTCAACTAGCATC-1,0.0,0.0,0.0,924
GTTCAACTCGCAAT-1,0.0,0.0,0.0,2933
GTTCAGGACGTACA-1,0.0,0.0,3.0,1044
GTTCAGGAGGACTT-1,0.0,0.0,2.0,660
GTTCATACATAAGG-1,0.0,0.0,1.0,744
GTTGACGAACAGTC-1,0.0,0.0,1.0,823
GTTGACGAAGGAGC-1,0.0,0.0,2.0,963
GTTGACGAAGTGTC-1,0.0,0.0,0.0,940
GTTGACGAGAATAG-1,0.0,0.0,0.0,611
GTTGGATGACCATG-1,0.0,0.0,0.0,609
GTTGGATGGGTACT-1,0.0,0.0,3.0,1429
GTTGTACTAAGTGA-1,0.0,0.0,3.0,879
GTTTAAGAGTCAAC-1,0.0,0.0,1.0,1042
TAAAGACTGCGAGA-1,0.0,0.0,2.0,782
TAAAGACTTCTCAT-1,0.0,0.0,1.0,996
TAAAGTTGTGCCAA-1,0.0,0.0,0.0,634
TAAATCGACAGATC-1,0.0,0.0,0.0,576
TAAATCGAGACAGG-1,0.0,0.0,4.0,1086
TAACAATGTTGTGG-1,0.0,0.0,0.0,1385
TAACATGAAGCCAT-1,0.0,0.0,0.0,713
TAACCGGACAACTG-1,5.0,0.0,0.0,6725
TAACCGGAGGACTT-1,0.0,0.0,2.0,612
TAACCGGAGTACGT-1,0.0,0.0,0.0,810
TAACCGGAGTTCGA-1,0.0,0.0,0.0,620
TAACGTCTAGTAGA-1,0.0,0.0,0.0,3864
TAACGTCTTAGAGA-1,0.0,0.0,1.0,645
TAACTCACAACGTC-1,0.0,0.0,0.0,665
TAACTCACTAAAGG-1,0.0,0.0,1.0,782
TAAGAACTCGTCTC-1,0.0,0.0,2.0,617
TAAGAGGACCCTCA-1,0.0,0.0,1.0,953
TAAGAGGACCTGTC-1,0.0,0.0,0.0,590
TAAGAGGAGAAAGT-1,0.0,0.0,7.0,1663
TAAGAGGATTGTCT-1,0.0,0.0,1.0,645
TAAGATTGGGATTC-1,0.0,0.0,2.0,772
TAAGCGTGAGTCAC-1,0.0,1.0,0.0,3108
TAAGCTCTGGGCAA-1,0.0,0.0,1.0,700
TAAGCTCTTTCCCG-1,0.0,0.0,1.0,807
TAAGGGCTACACGT-1,0.0,0.0,1.0,636
TAAGGGCTACTTTC-1,0.0,0.0,2.0,638
TAAGGGCTCAGATC-1,0.0,0.0,0.0,694
TAAGTCCTGTTACG-1,0.0,0.0,0.0,636
TAATCCACACCTAG-1,0.0,0.0,1.0,1759
TAATCCACGCGAAG-1,0.0,0.0,0.0,1279
TAATGAACCATGCA-1,0.0,0.0,0.0,844
TAATGAACGCTGAT-1,0.0,0.0,0.0,1253
TAATGAACGTTGCA-1,0.0,0.0,0.0,594
TAATGATGAGAGGC-1,4.0,0.0,0.0,6922
TAATGATGCTAGCA-1,0.0,0.0,0.0,892
TAATGATGGGATCT-1,0.0,0.0,2.0,599
TAATGATGTCAGTG-1,0.0,0.0,1.0,589
TAATGATGTTCTTG-1,1.0,0.0,0.0,4594
TAATGTGAAGACTC-1,0.0,0.0,0.0,1247
TAATGTGAAGCACT-1,0.0,0.0,0.0,1199
TAATGTGAGGAAGC-1,4.0,0.0,1.0,6930
TACAAATGAAACGA-1,0.0,0.0,1.0,1000
TACAAATGCAACTG-1,0.0,0.0,0.0,743
TACAAATGGACGTT-1,0.0,0.0,1.0,964
TACAAATGGTACCA-1,0.0,0.0,0.0,624
TACAAATGGTTTGG-1,0.0,0.0,0.0,860
TACAATGAACGTGT-1,0.0,0.0,2.0,718
TACAATGACTAGTG-1,0.0,0.0,1.0,932
TACAATGAGCTACA-1,0.0,0.0,4.0,782
TACAATGAGGGACA-1,0.0,0.0,1.0,653
TACACACTGCGGAA-1,0.0,0.0,2.0,684
TACACACTTCGATG-1,0.0,0.0,0.0,942
TACATAGAAAACAG-1,0.0,0.0,2.0,641
TACATAGAAGCCAT-1,0.0,0.0,1.0,1813
TACATCACAAGGGC-1,0.0,0.0,0.0,575
TACCGCTGGTGCTA-1,0.0,0.0,0.0,638
TACCGCTGTGGTCA-1,0.0,0.0,0.0,621
TACCGGCTACAGTC-1,0.0,0.0,1.0,676
TACCGGCTAGAGAT-1,0.0,0.0,0.0,762
TACCGGCTTTTCAC-1,0.0,0.0,3.0,712
TACGACGAACTACG-1,0.0,0.0,1.0,678
TACGACGAAGCACT-1,0.0,0.0,0.0,592
TACGACGACCCTTG-1,3.0,0.0,0.0,6643
TACGACGATCCTGC-1,0.0,0.0,1.0,690
TACGATCTCGAGTT-1,0.0,0.0,1.0,590
TACGATCTGCAGTT-1,0.0,0.0,0.0,666
TACGCAGACTGAAC-1,3.0,0.0,0.0,4326
TACGCAGAGCGTTA-1,0.0,0.0,0.0,592
TACGCAGATGCTCC-1,0.0,0.0,1.0,828
TACGCAGATGTCCC-1,0.0,0.0,0.0,754
TACGCCACACTGTG-1,0.0,0.0,0.0,672
TACGCCACATGCCA-1,0.0,0.0,0.0,690
TACGCCACCACACA-1,0.0,0.0,1.0,844
TACGCCACCCCTTG-1,0.0,0.0,0.0,653
TACGCCACCTTGGA-1,0.0,0.0,2.0,1081
TACGCCACGCCCTT-1,0.0,0.0,0.0,620
TACGCCACTGCCAA-1,0.0,0.0,1.0,698
TACGCCACTGGTCA-1,0.0,0.0,9.0,776
TACGCGCTCGCATA-1,0.0,0.0,0.0,1024
TACGCGCTTATCTC-1,0.0,1.0,1.0,1044
TACGGAACTTCTCA-1,0.0,0.0,0.0,798
TACGGCCTACACGT-1,0.0,0.0,3.0,896
TACGGCCTACTTTC-1,0.0,0.0,0.0,701
TACGGCCTCCCTAC-1,0.0,0.0,1.0,707
TACGGCCTCGGTAT-1,0.0,1.0,1.0,1163
TACGTACTCTTGAG-1,0.0,0.0,1.0,898
TACGTACTGTCGAT-1,0.0,0.0,2.0,1711
TACGTACTTCTTCA-1,0.0,0.0,0.0,683
TACTACTGCCTATT-1,0.0,0.0,5.0,959
TACTACTGCGTAGT-1,0.0,0.0,3.0,746
TACTACTGGGGTGA-1,0.0,0.0,0.0,678
TACTACTGGTTACG-1,0.0,0.0,1.0,733
TACTCAACCGACAT-1,0.0,0.0,2.0,1368
TACTCAACGTATCG-1,0.0,0.0,0.0,766
TACTCAACGTTCAG-1,0.0,0.0,0.0,598
TACTCCCTACACCA-1,0.0,0.0,1.0,719
TACTCCCTATGGTC-1,0.0,0.0,2.0,1029
TACTCTGAAGTCTG-1,0.0,0.0,0.0,645
TACTCTGACCGTTC-1,0.0,0.0,0.0,590
TACTGGGACTTCCG-1,1.0,0.0,2.0,690
TACTGGGATCCCGT-1,0.0,0.0,0.0,921
TACTGTTGCGGGAA-1,0.0,0.0,0.0,935
TACTTGACGCGTTA-1,0.0,0.0,0.0,607
TACTTGACGGAAGC-1,0.0,0.0,0.0,1014
TACTTTCTCATGGT-1,0.0,0.0,0.0,3929
TAGAAACTAGCCAT-1,0.0,0.0,1.0,725
TAGAATACGTATCG-1,0.0,0.0,0.0,1060
TAGAATTGAAGCAA-1,0.0,0.0,0.0,614
TAGAATTGCATTGG-1,0.0,0.0,0.0,699
TAGAATTGCTGATG-1,0.0,2.0,1.0,2087
TAGAGAGAGATAAG-1,0.0,0.0,2.0,875
TAGAGAGATCAGGT-1,0.0,0.0,0.0,632
TAGAGCACACGCTA-1,0.0,0.0,2.0,1690
TAGAGCACGAGATA-1,0.0,0.0,0.0,592
TAGAGCACTCAGGT-1,0.0,0.0,1.0,717
TAGATCCTGTGTTG-1,0.0,0.0,0.0,674
TAGATTGAAACGGG-1,0.0,0.0,1.0,693
TAGATTGACCGAAT-1,0.0,0.0,2.0,893
TAGATTGATATGGC-1,0.0,0.0,1.0,795
TAGATTGATTCGTT-1,0.0,0.0,4.0,657
TAGATTGATTTGCT-1,0.0,0.0,0.0,639
TAGCATCTACAGTC-1,0.0,1.0,0.0,1023
TAGCATCTGAACCT-1,0.0,0.0,4.0,1074
TAGCATCTGGAAAT-1,0.0,0.0,1.0,596
TAGCCCACCGTCTC-1,0.0,0.0,0.0,581
TAGCCCACTCCAGA-1,0.0,0.0,0.0,662
TAGCCGCTACCTGA-1,0.0,0.0,1.0,575
TAGCCGCTAGCGGA-1,0.0,0.0,0.0,1051
TAGCCGCTGCTAAC-1,0.0,0.0,1.0,731
TAGCGATGCTGATG-1,0.0,0.0,0.0,822
TAGCGATGGGTGAG-1,0.0,0.0,0.0,1282
TAGCTACTCTCGAA-1,0.0,0.0,1.0,636
TAGGACTGAGAGAT-1,0.0,0.0,1.0,593
TAGGACTGCCATGA-1,0.0,0.0,2.0,643
TAGGAGCTACCCAA-1,0.0,0.0,4.0,1133
TAGGAGCTGGTAGG-1,0.0,0.0,5.0,1334
TAGGAGCTTATTCC-1,0.0,0.0,1.0,747
TAGGCTGACCGTAA-1,0.0,0.0,3.0,1193
TAGGCTGAGGACGA-1,0.0,0.0,1.0,3291
TAGGCTGAGTTCGA-1,0.0,0.0,0.0,632
TAGGGACTCCTTGC-1,0.0,0.0,1.0,756
TAGGGACTGTATGC-1,0.0,0.0,0.0,640
TAGGGACTTCTACT-1,0.0,0.0,0.0,934
TAGGGACTTCTCGC-1,0.0,0.0,1.0,752
TAGGTCGACCCTAC-1,0.0,0.0,1.0,673
TAGGTCGAGGAGTG-1,0.0,0.0,1.0,921
TAGGTCGATCTCTA-1,0.0,1.0,0.0,689
TAGGTGACAACCGT-1,0.0,0.0,1.0,661
TAGGTGACGTCACA-1,0.0,0.0,0.0,738
TAGGTGACGTGTAC-1,0.0,0.0,0.0,722
TAGGTGTGAAGAGT-1,0.0,0.0,0.0,699
TAGGTGTGACCAAC-1,0.0,0.0,1.0,674
TAGGTGTGTCTCCG-1,0.0,1.0,0.0,1994
TAGGTTCTCCATAG-1,0.0,0.0,3.0,956
TAGTACCTAAGGGC-1,0.0,0.0,0.0,640
TAGTACCTTGCTGA-1,0.0,0.0,0.0,590
TAGTATGAAGAGAT-1,0.0,0.0,0.0,632
TAGTATGACTTATC-1,0.0,0.0,2.0,731
TAGTCACTAGCGTT-1,0.0,0.0,1.0,879
TAGTCACTCACTCC-1,0.0,0.0,0.0,968
TAGTCACTCATGGT-1,0.0,0.0,4.0,731
TAGTCTTGCTACTT-1,0.0,0.0,0.0,998
TAGTGGTGATCAGC-1,0.0,0.0,3.0,1050
TAGTGGTGGTAAAG-1,0.0,0.0,1.0,644
TAGTTAGAAAGTGA-1,0.0,0.0,0.0,670
TAGTTAGACGAACT-1,0.0,0.0,1.0,681
TAGTTAGAGTCGTA-1,0.0,0.0,1.0,847
TAGTTGCTTGCTCC-1,0.0,0.0,0.0,1004
TATAAGACCCCTTG-1,0.0,0.0,3.0,880
TATAAGACTTCCAT-1,0.0,0.0,0.0,659
TATAAGTGCAGATC-1,0.0,0.0,0.0,1114
TATAAGTGTGCAGT-1,0.0,0.0,0.0,1855
TATACAGACTCAGA-1,0.0,0.0,0.0,1189
TATACAGATGCCCT-1,0.0,0.0,0.0,597
TATACCACACGTGT-1,0.0,0.0,0.0,637
TATAGATGAGGTCT-1,0.0,0.0,2.0,1549
TATAGATGCTTCCG-1,0.0,1.0,0.0,953
TATAGATGGAGAGC-1,0.0,0.0,1.0,653
TATAGATGTGAGAA-1,0.0,0.0,0.0,604
TATAGATGTGAGCT-1,0.0,2.0,2.0,1478
TATAGCCTATGTCG-1,0.0,0.0,1.0,848
TATAGCCTTCTCAT-1,0.0,0.0,0.0,585
TATCCAACAGAGGC-1,0.0,0.0,0.0,1177
TATCCAACCGTAAC-1,0.0,0.0,3.0,688
TATCCAACTTTACC-1,0.0,0.0,1.0,596
TATCCTGATATTCC-1,0.0,1.0,1.0,1973
TATCGACTAAACAG-1,0.0,0.0,0.0,623
TATCGACTAACCAC-1,0.0,0.0,0.0,602
TATCGTACCGTGAT-1,0.0,0.0,0.0,671
TATCGTACTTACTC-1,0.0,0.0,0.0,766
TATCTCGAAGGAGC-1,0.0,0.0,1.0,740
TATCTCGACATTGG-1,0.0,0.0,1.0,657
TATCTCGAGTTACG-1,0.0,2.0,1.0,595
TATCTGACACACAC-1,0.0,0.0,0.0,600
TATCTTCTACGTAC-1,0.0,0.0,0.0,723
TATGAATGCAACCA-1,0.0,0.0,1.0,1017
TATGCGGAGTCTTT-1,0.0,0.0,0.0,744
TATGCGGATCACCC-1,0.0,0.0,0.0,937
TATGCGGATGCTGA-1,0.0,0.0,0.0,764
TATGGGTGAGAATG-1,0.0,0.0,4.0,575
TATGGGTGCACTTT-1,0.0,0.0,0.0,619
TATGGGTGCCCAAA-1,0.0,0.0,0.0,889
TATGGGTGTTGGCA-1,0.0,0.0,0.0,701
TATGGTCTACGGGA-1,0.0,0.0,2.0,1091
TATGGTCTCTTAGG-1,0.0,0.0,0.0,677
TATGTCTGAGAGTA-1,0.0,0.0,0.0,1151
TATGTCTGTAGCCA-1,0.0,0.0,1.0,644
TATTTCCTCCAACA-1,0.0,0.0,0.0,730
TCAACACTAACGAA-1,0.0,0.0,0.0,1090
TCAACACTAGTCGT-1,0.0,0.0,0.0,607
TCAACACTATCACG-1,0.0,0.0,0.0,958
TCAACACTCTATGG-1,0.0,0.0,1.0,1935
TCAAGGACACGCAT-1,0.0,0.0,0.0,700
TCAAGGACGATAAG-1,0.0,0.0,2.0,692
TCAAGTCTCTGTTT-1,0.0,0.0,0.0,795
TCAAGTCTTGGTAC-1,0.0,0.0,0.0,685
TCAATAGACTACCC-1,0.0,0.0,1.0,600
TCAATAGAGTCTAG-1,0.0,0.0,2.0,814
TCAATAGATAGCCA-1,0.0,0.0,0.0,693
TCAATCACCTAGAC-1,0.0,0.0,1.0,1305
TCAATCACGAAGGC-1,0.0,0.0,1.0,670
TCAATCACTTTACC-1,0.0,0.0,0.0,756
TCACAACTGTGTCA-1,0.0,0.0,1.0,646
TCACATACGGTTAC-1,0.0,0.0,1.0,923
TCACCTCTATTCCT-1,0.0,0.0,0.0,899
TCACGAGAACCCAA-1,0.0,0.0,2.0,613
TCACTATGCGCTAA-1,0.0,0.0,2.0,904
TCAGAGACTTCGGA-1,0.0,0.0,1.0,627
TCAGCGCTCTATGG-1,0.0,0.0,3.0,1234
TCAGCGCTGTTGCA-1,0.0,0.0,1.0,3760
TCAGGATGTTAGGC-1,0.0,0.0,3.0,819
TCAGTACTAGTCAC-1,0.0,0.0,1.0,628
TCAGTACTCTTACT-1,0.0,0.0,0.0,980
TCAGTACTGAAGGC-1,0.0,0.0,0.0,578
TCAGTACTTGAACC-1,0.0,3.0,0.0,2694
TCAGTGGAAGTTCG-1,0.0,0.0,4.0,603
TCAGTGGAGGATTC-1,0.0,0.0,0.0,975
TCAGTTACAGTAGA-1,0.0,0.0,1.0,849
TCAGTTACCTGCTC-1,0.0,0.0,0.0,624
TCATCAACCAGGAG-1,0.0,0.0,0.0,628
TCATCAACTCACGA-1,0.0,0.0,5.0,981
TCATCAACTGCTAG-1,0.0,0.0,2.0,633
TCATCATGAAACGA-1,0.0,0.0,0.0,722
TCATCATGCCTAAG-1,0.0,0.0,4.0,895
TCATCATGGCGGAA-1,0.0,0.0,6.0,1262
TCATCATGTCGCCT-1,0.0,0.0,0.0,644
TCATCATGTGGTAC-1,0.0,0.0,1.0,595
TCATCCCTACACTG-1,0.0,0.0,1.0,744
TCATCCCTCCCGTT-1,0.0,0.0,0.0,802
TCATTCGAATTCTC-1,0.0,0.0,0.0,1392
TCATTCGACAGTCA-1,0.0,0.0,2.0,775
TCATTGACCTCTCG-1,0.0,0.0,0.0,625
TCATTGACGGTTTG-1,0.0,0.0,2.0,854
TCATTGACTTCCCG-1,0.0,0.0,0.0,661
TCCACGTGAGACTC-1,0.0,0.0,1.0,800
TCCACGTGGAAGGC-1,0.0,0.0,0.0,578
TCCACTCTACTAGC-1,0.0,0.0,0.0,1359
TCCACTCTCATTTC-1,0.0,0.0,3.0,906
TCCACTCTCTGTGA-1,0.0,0.0,0.0,1509
TCCACTCTTCCAAG-1,0.0,0.0,0.0,598
TCCAGAGAACACTG-1,0.0,0.0,0.0,834
TCCAGAGAAGCGTT-1,0.0,0.0,0.0,586
TCCATAACAGAGAT-1,0.0,0.0,1.0,639
TCCATAACAGGAGC-1,0.0,0.0,2.0,611
TCCATCCTACTGTG-1,0.0,0.0,0.0,1005
TCCATCCTATGACC-1,0.0,0.0,1.0,815
TCCCACGACCTGTC-1,0.0,1.0,1.0,2621
TCCCACGAGTGTCA-1,0.0,0.0,0.0,593
TCCCACGATGAGAA-1,0.0,0.0,0.0,842
TCCCAGACGGATTC-1,0.0,0.0,0.0,616
TCCCAGACTGCATG-1,0.0,0.0,3.0,775
TCCCATCTGCGAGA-1,0.0,0.0,1.0,622
TCCCATCTGTTCGA-1,0.0,0.0,1.0,598
TCCCATCTTCATTC-1,0.0,0.0,2.0,647
TCCCGAACTCTCAT-1,0.0,0.0,1.0,939
TCCCGATGCTAAGC-1,0.0,0.0,0.0,624
TCCCTACTAACCAC-1,0.0,0.0,2.0,647
TCCGAAGATCCCAC-1,0.0,0.0,0.0,710
TCCGAGCTCAATCG-1,0.0,0.0,1.0,634
TCCGGACTAGATGA-1,0.0,0.0,0.0,733
TCCGGACTGTTACG-1,0.0,0.0,0.0,599
TCCTAAACACCCAA-1,0.0,0.0,1.0,9081
TCCTAAACCGACTA-1,0.0,0.0,0.0,717
TCCTAAACGGACTT-1,0.0,0.0,0.0,751
TCCTAAACGTAGGG-1,0.0,0.0,1.0,680
TCCTAATGTCTCCG-1,0.0,0.0,1.0,1038
TCCTACCTCAGAGG-1,0.0,0.0,0.0,590
TCCTACCTCTCATT-1,0.0,0.0,2.0,1118
TCCTACCTGAGGAC-1,0.0,0.0,1.0,943
TCCTATGACTTATC-1,0.0,0.0,2.0,587
TCGAATCTGAACTC-1,0.0,0.0,0.0,1404
TCGACCTGCTGTAG-1,0.0,0.0,0.0,1188
TCGACCTGGAATGA-1,0.0,0.0,2.0,1873
TCGACGCTAACTGC-1,0.0,0.0,0.0,1306
TCGACGCTAGCAAA-1,0.0,0.0,0.0,732
TCGACGCTGGAGTG-1,0.0,0.0,0.0,652
TCGAGAACACACAC-1,0.0,0.0,3.0,852
TCGAGCCTATTTCC-1,0.0,0.0,2.0,637
TCGAGCCTGAAACA-1,0.0,0.0,0.0,746
TCGATACTAAAGTG-1,0.0,0.0,4.0,605
TCGATACTCCTATT-1,0.0,0.0,0.0,706
TCGATACTGAAGGC-1,0.0,0.0,0.0,805
TCGATACTGGTTTG-1,0.0,0.0,2.0,607
TCGATTTGACTCTT-1,0.0,2.0,0.0,1710
TCGATTTGCATGGT-1,0.0,0.0,0.0,826
TCGATTTGGGTTTG-1,0.0,0.0,0.0,688
TCGCAAGAAGTCGT-1,0.0,0.0,0.0,1554
TCGCAAGATACTCT-1,0.0,0.0,1.0,587
TCGCACACCAACCA-1,0.0,0.0,1.0,581
TCGCACACGACTAC-1,0.0,0.0,2.0,970
TCGCACACTGAACC-1,0.0,0.0,1.0,1211
TCGCACTGGCGTTA-1,0.0,0.0,0.0,819
TCGCAGCTCCGAAT-1,0.0,0.0,0.0,693
TCGCAGCTGGTCTA-1,0.0,0.0,2.0,784
TCGGCACTGGAAAT-1,0.0,0.0,3.0,881
TCGGCACTGTCTAG-1,0.0,0.0,0.0,575
TCGGCACTTCGTGA-1,0.0,0.0,2.0,846
TCGGCACTTGGAAA-1,0.0,0.0,4.0,840
TCGGTAGAAGCTCA-1,0.0,0.0,0.0,1203
TCGGTAGAGAGGAC-1,0.0,0.0,0.0,718
TCGTAGGAAGGCGA-1,0.0,0.0,3.0,656
TCGTGAGAAGATGA-1,0.0,0.0,1.0,596
TCGTGAGAAGCAAA-1,0.0,1.0,4.0,1306
TCGTGAGACATTTC-1,0.0,0.0,0.0,670
TCGTGAGAGCGATT-1,0.0,0.0,1.0,583
TCGTGAGATAGACC-1,0.0,0.0,0.0,748
TCGTGAGATTCTTG-1,0.0,0.0,1.0,770
TCGTTATGCCACAA-1,0.0,0.0,1.0,1136
TCGTTATGGGTGGA-1,0.0,0.0,0.0,949
TCTAACACGTAAAG-1,0.0,0.0,1.0,584
TCTAAGCTCTCCAC-1,0.0,0.0,1.0,758
TCTACAACCGAATC-1,0.0,0.0,2.0,589
TCTACAACCGTAAC-1,0.0,5.0,0.0,2043
TCTACAACTGCACA-1,0.0,0.0,2.0,576
TCTAGACTAAGGTA-1,0.0,0.0,4.0,1099
TCTAGACTCGATAC-1,0.0,0.0,0.0,746
TCTAGACTGACGGA-1,0.0,0.0,1.0,1174
TCTAGACTGGACAG-1,2.0,0.0,0.0,5466
TCTAGTTGGTTCTT-1,0.0,0.0,0.0,683
TCTATGTGCGTGTA-1,0.0,0.0,0.0,1291
TCTCAAACCTTGTT-1,0.0,0.0,1.0,615
TCTCCACTCACTCC-1,0.0,0.0,0.0,580
TCTCTAGATCCTTA-1,0.0,0.0,0.0,739
TCTTGATGAGCGGA-1,0.0,0.0,1.0,836
TCTTGATGCCATGA-1,0.0,0.0,1.0,716
TCTTGATGCCTAAG-1,0.0,0.0,0.0,889
TCTTGATGCTGAGT-1,0.0,0.0,2.0,926
TGAAATTGACGGAG-1,0.0,0.0,0.0,1136
TGAAATTGGTCATG-1,0.0,0.0,1.0,795
TGAACCGAAAGAAC-1,0.0,0.0,0.0,635
TGAACCGACTGGTA-1,0.0,0.0,0.0,580
TGAACCGAGCGTAT-1,0.0,0.0,5.0,606
TGAACCGATGAGAA-1,0.0,0.0,0.0,3558
TGAAGCACCCGTTC-1,0.0,0.0,1.0,585
TGAAGCACGGAACG-1,0.0,0.0,1.0,706
TGAAGCACTCGTGA-1,0.0,0.0,5.0,821
TGAAGCTGCGAACT-1,0.0,0.0,1.0,1730
TGAAGCTGTGGAAA-1,0.0,0.0,2.0,1016
TGAATAACCTTAGG-1,0.0,0.0,0.0,807
TGACACGAAACTGC-1,0.0,0.0,0.0,586
TGACACGAAGATGA-1,0.0,0.0,3.0,745
TGACACGAGTCGTA-1,0.0,1.0,0.0,815
TGACACGATAAGGA-1,0.0,0.0,1.0,611
TGACCGCTCGTGAT-1,0.0,0.0,0.0,898
TGACCGCTGTTTGG-1,0.0,0.0,1.0,584
TGACGAACGGACAG-1,4.0,0.0,0.0,6110
TGACGAACTGGTGT-1,0.0,0.0,0.0,698
TGACTGGAACCAAC-1,0.0,0.0,0.0,3356
TGACTGGACCAGTA-1,0.0,0.0,0.0,613
TGACTTTGAGAGAT-1,0.0,0.0,2.0,728
TGACTTTGCCTTTA-1,0.0,0.0,0.0,681
TGACTTTGGAGACG-1,0.0,0.0,0.0,668
TGAGACACACAGTC-1,0.0,0.0,0.0,685
TGAGACACTCGCCT-1,0.0,0.0,1.0,736
TGAGACACTGTTTC-1,0.0,0.0,3.0,802
TGAGACACTTCACT-1,0.0,0.0,0.0,576
TGAGCTGATACTTC-1,0.0,0.0,2.0,671
TGAGGTACGCATCA-1,0.0,0.0,0.0,610
TGAGTCGACTTGGA-1,0.0,0.0,2.0,683
TGAGTGACAAGATG-1,0.0,0.0,2.0,1317
TGAGTGACGAGCAG-1,0.0,0.0,3.0,745
TGAGTGACGAGCTT-1,0.0,0.0,2.0,715
TGATAAACGGTAAA-1,0.0,0.0,2.0,768
TGATAAACGTCCTC-1,0.0,0.0,3.0,652
TGATACCTACCAGT-1,0.0,0.0,0.0,591
TGATACCTCTCTCG-1,0.0,0.0,4.0,1348
TGATATGATCGCTC-1,0.0,0.0,0.0,1009
TGATCGGAGACGGA-1,0.0,0.0,0.0,737
TGATTAGAACACAC-1,0.0,0.0,1.0,726
TGATTAGACAAAGA-1,0.0,0.0,2.0,779
TGATTAGATCTTTG-1,0.0,0.0,0.0,1494
TGATTCACGCTACA-1,0.0,0.0,0.0,797
TGATTCACGGTGTT-1,0.0,1.0,4.0,2305
TGATTCACTGATGC-1,0.0,0.0,1.0,1417
TGATTCACTGGCAT-1,0.0,0.0,0.0,1003
TGATTCTGACCGAT-1,0.0,0.0,2.0,1377
TGATTCTGGAATAG-1,0.0,0.0,0.0,606
TGATTCTGTCCTAT-1,0.0,0.0,1.0,595
TGCAACGAACCACA-1,0.0,0.0,4.0,883
TGCAACGAGTGTCA-1,0.0,0.0,1.0,915
TGCAAGACACCGAT-1,0.0,0.0,0.0,712
TGCAAGACACTACG-1,0.0,0.0,2.0,777
TGCAAGACGGCGAA-1,0.0,0.0,4.0,1118
TGCAAGACGTCGTA-1,1.0,0.0,0.0,5305
TGCAAGTGCTGCTC-1,0.0,0.0,0.0,1072
TGCAAGTGCTTACT-1,0.0,0.0,0.0,739
TGCAAGTGGTATCG-1,0.0,0.0,0.0,605
TGCAATCTACTACG-1,0.0,0.0,2.0,624
TGCACAGACCAATG-1,0.0,0.0,1.0,610
TGCACGCTAAGATG-1,6.0,0.0,0.0,4995
TGCAGATGCTGTTT-1,0.0,0.0,0.0,3545
TGCAGATGTGTCAG-1,0.0,0.0,0.0,600
TGCATGGAAATGCC-1,0.0,0.0,0.0,686
TGCATGGACCTGTC-1,0.0,0.0,0.0,829
TGCATGGAGGCGAA-1,0.0,0.0,0.0,686
TGCATGGATGTGAC-1,0.0,0.0,1.0,803
TGCCACTGCCGCTT-1,2.0,1.0,0.0,5451
TGCCACTGCTTGGA-1,0.0,0.0,0.0,943
TGCCAGCTACCACA-1,0.0,0.0,0.0,605
TGCCAGCTAGCATC-1,0.0,0.0,3.0,687
TGCCAGCTTGTGCA-1,0.0,0.0,0.0,588
TGCCCAACCTTCCG-1,0.0,0.0,0.0,803
TGCCCAACTACTCT-1,0.0,1.0,0.0,1006
TGCCCAACTAGACC-1,0.0,0.0,0.0,666
TGCCGACTCACCAA-1,0.0,0.0,0.0,716
TGCGAAACAAACAG-1,0.0,0.0,3.0,659
TGCGAAACACACGT-1,0.0,0.0,0.0,704
TGCGAAACGATACC-1,0.0,0.0,1.0,598
TGCGAAACTAGTCG-1,0.0,0.0,0.0,890
TGCGAAACTCGACA-1,0.0,0.0,0.0,1143
TGCGATGAAAAGTG-1,0.0,0.0,3.0,1321
TGCGATGAATGTCG-1,0.0,0.0,0.0,646
TGCGCACTACGCTA-1,0.0,0.0,0.0,851
TGCGCACTGTTGCA-1,0.0,0.0,0.0,1144
TGCGTAGACCGAAT-1,0.0,0.0,2.0,675
TGCGTAGAGTAGGG-1,0.0,0.0,0.0,1164
TGCGTAGATGGTAC-1,0.0,0.0,1.0,674
TGCTAGGAATTCCT-1,0.0,0.0,0.0,851
TGCTATACCGGAGA-1,0.0,0.0,1.0,975
TGCTATACGGTTAC-1,0.0,1.0,0.0,1660
TGCTATACTCGACA-1,0.0,0.0,1.0,591
TGCTATACTCGCTC-1,0.0,0.0,0.0,882
TGCTGAGATAGCGT-1,0.0,0.0,2.0,678
TGCTGAGATGAGCT-1,0.0,0.0,4.0,1435
TGCTGAGATGGGAG-1,0.0,0.0,0.0,577
TGCTTAACCACACA-1,0.0,0.0,0.0,884
TGGAAAGAGCTGAT-1,0.0,1.0,0.0,622
TGGAAAGATCAGGT-1,0.0,0.0,1.0,1039
TGGAACACCTGGAT-1,0.0,0.0,1.0,713
TGGAACTGCTCAAG-1,0.0,0.0,0.0,863
TGGACCCTGCATCA-1,0.0,0.0,0.0,787
TGGACCCTTCCTGC-1,0.0,0.0,0.0,842
TGGACCCTTGTCAG-1,0.0,0.0,2.0,1058
TGGACTGAGACGGA-1,0.0,0.0,2.0,775
TGGAGACTGTCTTT-1,0.0,0.0,2.0,1177
TGGAGGGACTTATC-1,0.0,0.0,2.0,595
TGGAGGGATTTCTG-1,0.0,0.0,1.0,687
TGGATCGATCACCC-1,0.0,0.0,0.0,658
TGGATCGATGGTCA-1,0.0,0.0,0.0,640
TGGATGACGCTTAG-1,0.0,0.0,3.0,659
TGGATGACGTATGC-1,0.0,0.0,0.0,871
TGGATGTGACTACG-1,0.0,0.0,0.0,1011
TGGATGTGCATCAG-1,0.0,2.0,2.0,994
TGGATGTGGCGAAG-1,0.0,0.0,0.0,605
TGGATGTGGTGTCA-1,0.0,0.0,0.0,832
TGGGTATGGGAGCA-1,0.0,0.0,1.0,664
TGGGTATGTGTGAC-1,0.0,0.0,2.0,606
TGGTACGAAAGGCG-1,0.0,0.0,0.0,879
TGGTACGAATTCTC-1,0.0,0.0,0.0,749
TGGTAGACGCAGTT-1,0.0,0.0,5.0,899
TGGTAGTGGACGGA-1,0.0,0.0,3.0,633
TGGTAGTGTCTATC-1,0.0,0.0,1.0,664
TGGTATCTGTACGT-1,0.0,0.0,0.0,697
TGGTATCTTCGATG-1,0.0,0.0,1.0,882
TGGTCAGAGCATCA-1,0.0,0.0,0.0,595
TGGTCAGAGCTAAC-1,0.0,1.0,1.0,928
TGGTCAGATCCTTA-1,0.0,0.0,0.0,672
TGGTTACTGACAGG-1,0.0,0.0,0.0,811
TGTAAAACGAGGGT-1,0.0,0.0,3.0,773
TGTAAAACTCTTTG-1,0.0,0.0,0.0,1162
TGTAACCTAGAGGC-1,0.0,0.0,1.0,895
TGTAACCTCGATAC-1,0.0,0.0,0.0,601
TGTAATGAGAGGAC-1,2.0,0.0,0.0,5878
TGTAATGATGGCAT-1,0.0,0.0,1.0,666
TGTAGGTGGTAGGG-1,0.0,0.0,0.0,817
TGTATCTGGCATCA-1,0.0,0.0,1.0,764
TGTATCTGTATCGG-1,0.0,0.0,0.0,932
TGTATGCTACACTG-1,0.0,0.0,0.0,1418
TGTCAGGACGATAC-1,0.0,0.0,0.0,709
TGTCAGGACTACTT-1,3.0,0.0,0.0,4850
TGTCAGGAGGCAAG-1,0.0,0.0,3.0,1173
TGTCAGGATAGCCA-1,0.0,0.0,4.0,1405
TGTCTAACGGACTT-1,0.0,0.0,0.0,629
TGTCTAACTGAGAA-1,0.0,1.0,0.0,1652
TGTGACGATTTGTC-1,0.0,0.0,0.0,868
TGTGAGTGCCTATT-1,0.0,0.0,6.0,1499
TGTGATCTATTCTC-1,0.0,0.0,1.0,675
TGTGATCTCAGCTA-1,0.0,0.0,0.0,985
TGTGGATGATAAGG-1,0.0,0.0,0.0,696
TGTTAAGAGCTTAG-1,0.0,0.0,0.0,660
TGTTAAGAGGAGGT-1,0.0,0.0,1.0,605
TGTTAAGAGTAGCT-1,0.0,0.0,3.0,1610
TGTTACACCTCCAC-1,0.0,0.0,0.0,769
TTAACCACTACGCA-1,0.0,0.0,1.0,1358
TTACACACCTCATT-1,0.0,0.0,1.0,628
TTACACACGAATCC-1,0.0,0.0,2.0,712
TTACGACTTTTGTC-1,0.0,0.0,2.0,956
TTACGTACTGCCTC-1,0.0,0.0,2.0,660
TTACTCGAAGACTC-1,0.0,0.0,0.0,939
TTACTCGACCTTGC-1,0.0,0.0,2.0,612
TTACTCGACGTACA-1,0.0,0.0,0.0,2119
TTAGAATGACTTTC-1,0.0,0.0,0.0,578
TTAGAATGCGTGAT-1,0.0,0.0,0.0,799
TTAGAATGCTATTC-1,0.0,1.0,4.0,1338
TTAGGGACCGCAAT-1,0.0,0.0,1.0,724
TTAGGGACCTGACA-1,0.0,0.0,0.0,4945
TTAGGGTGCGGAGA-1,0.0,0.0,0.0,716
TTAGGGTGTGTGAC-1,0.0,6.0,2.0,3617
TTAGTCACATAAGG-1,0.0,0.0,0.0,632
TTAGTCACGAGGAC-1,0.0,0.0,0.0,685
TTAGTCACGTGTCA-1,0.0,0.0,2.0,1086
TTAGTCTGTTATCC-1,0.0,0.0,2.0,862
TTAGTCTGTTCTCA-1,0.0,4.0,0.0,1685
TTATCCGACTGTTT-1,0.0,0.0,2.0,673
TTATGAGAAAAACG-1,0.0,0.0,1.0,1118
TTATGAGAAGGTCT-1,0.0,0.0,2.0,1108
TTATGAGACGTGAT-1,0.0,2.0,1.0,3014
TTATGAGAGACGAG-1,0.0,0.0,5.0,1396
TTATGAGAGAGGAC-1,0.0,0.0,2.0,619
TTATGAGAGCCATA-1,0.0,0.0,1.0,709
TTATGCACTGCTCC-1,0.0,0.0,0.0,1184
TTATGGCTAGCCAT-1,0.0,0.0,0.0,578
TTATGGCTCAACTG-1,0.0,0.0,0.0,685
TTATGGCTGGTCAT-1,0.0,0.0,2.0,765
TTATGGCTGTGAGG-1,0.0,0.0,0.0,720
TTATTCCTTGCCTC-1,0.0,0.0,0.0,821
TTCAAAGACTGTCC-1,0.0,0.0,0.0,770
TTCAAAGAGCGTAT-1,0.0,0.0,0.0,1050
TTCAAAGATGCTCC-1,0.0,0.0,0.0,883
TTCAAGCTTGCCTC-1,0.0,0.0,1.0,794
TTCAAGCTTTCGTT-1,0.0,0.0,0.0,605
TTCACAACGGATCT-1,0.0,0.0,1.0,674
TTCACCCTACACAC-1,1.0,0.0,3.0,1928
TTCACCCTGAGGGT-1,0.0,0.0,0.0,1928
TTCAGACTTGCCCT-1,0.0,0.0,3.0,2122
TTCAGTACCATTGG-1,0.0,0.0,0.0,664
TTCAGTACGAGACG-1,0.0,0.0,5.0,692
TTCAGTACGTAAGA-1,0.0,0.0,1.0,648
TTCATCGACCGATA-1,0.0,0.0,1.0,761
TTCATGTGAGGGTG-1,0.0,0.0,0.0,694
TTCATTCTCCCACT-1,0.0,2.0,0.0,653
TTCATTCTCTAGTG-1,0.0,2.0,3.0,1594
TTCATTCTTCTATC-1,0.0,0.0,0.0,668
TTCCCACTCCGTTC-1,0.0,0.0,2.0,678
TTCCCACTGACACT-1,1.0,6.0,0.0,4334
TTCCCACTTCTCCG-1,0.0,0.0,0.0,677
TTCCTAGACAACCA-1,0.0,0.0,1.0,720
TTCCTAGACCGCTT-1,0.0,0.0,0.0,1187
TTCGAGGACCAGTA-1,0.0,3.0,0.0,4177
TTCGAGGAGTGTAC-1,0.0,0.0,1.0,824
TTCGATTGAAACGA-1,0.0,1.0,4.0,1509
TTCTACGAGCGATT-1,0.0,0.0,1.0,5628
TTCTAGTGGCTCCT-1,0.0,0.0,0.0,2718
TTCTCAGAACTGGT-1,0.0,0.0,2.0,1149
TTCTGATGGTTGCA-1,0.0,0.0,4.0,1320
TTCTTACTCCCGTT-1,0.0,0.0,2.0,1200
TTCTTACTCGTAGT-1,0.0,0.0,0.0,575
TTCTTACTGACAAA-1,0.0,0.0,0.0,608
TTCTTACTGTACAC-1,0.0,0.0,0.0,627
TTCTTACTTCAGAC-1,0.0,0.0,0.0,721
TTCTTACTTTCTCA-1,0.0,0.0,0.0,1204
TTGAACCTAACCAC-1,0.0,0.0,3.0,794
TTGAACCTAGCTCA-1,0.0,0.0,0.0,760
TTGAACCTCAGTCA-1,0.0,0.0,1.0,1087
TTGAACCTGCTCCT-1,0.0,0.0,2.0,724
TTGAATGATAAAGG-1,0.0,0.0,1.0,600
TTGACACTATCACG-1,0.0,0.0,0.0,907
TTGACACTCGAGTT-1,0.0,0.0,0.0,971
TTGACACTTGTCAG-1,0.0,0.0,2.0,593
TTGACACTTTGCAG-1,0.0,0.0,0.0,919
TTGAGGACAAGATG-1,0.0,0.0,2.0,671
TTGAGGACCATACG-1,0.0,0.0,2.0,1125
TTGAGGTGTAACCG-1,0.0,0.0,4.0,1135
TTGAGGTGTGACTG-1,0.0,1.0,3.0,1037
TTGATCTGTAAGGA-1,0.0,0.0,1.0,841
TTGCATTGCGATAC-1,0.0,0.0,2.0,682
TTGCATTGGACGTT-1,0.0,0.0,1.0,725
TTGCTAACGCATAC-1,0.0,0.0,0.0,705
TTGCTATGAGCAAA-1,0.0,0.0,5.0,638
TTGGAGACTCGTGA-1,0.0,0.0,0.0,1141
TTGGAGTGAGGTCT-1,0.0,0.0,0.0,970
TTGGAGTGGAATCC-1,0.0,0.0,0.0,739
TTGGGAACCTACCC-1,0.0,0.0,2.0,675
TTGGGAACCTATTC-1,0.0,0.0,0.0,915
TTGGGAACCTCATT-1,0.0,0.0,2.0,731
TTGGGAACGTTTGG-1,0.0,0.0,4.0,919
TTGGTACTATGACC-1,0.0,0.0,1.0,1135
TTGGTACTGGGATG-1,0.0,0.0,0.0,910
TTGGTACTTGACCA-1,0.0,0.0,0.0,698
TTGTACACAACCAC-1,0.0,0.0,0.0,648
TTGTACACCACTAG-1,0.0,0.0,1.0,1883
TTGTACACTGGGAG-1,0.0,0.0,0.0,578
TTGTAGCTCCTCCA-1,0.0,0.0,0.0,575
TTGTAGCTCGTAAC-1,0.0,0.0,1.0,1181
TTGTAGCTTCCCGT-1,0.0,0.0,0.0,713
TTTAGAGAATCAGC-1,0.0,0.0,4.0,902
TTTAGAGACTCATT-1,0.0,0.0,0.0,586
TTTAGCTGACTAGC-1,0.0,0.0,0.0,657
TTTAGCTGTCTCAT-1,0.0,0.0,1.0,949
TTTATCCTGACGGA-1,0.0,0.0,0.0,718
TTTATCCTTAAGCC-1,0.0,0.0,0.0,1735
TTTCACGAGCCAAT-1,0.0,0.0,0.0,820
TTTCACGAGGCGAA-1,0.0,0.0,2.0,927
TTTCAGTGCCATAG-1,0.0,0.0,0.0,854
TTTCAGTGTCCTGC-1,0.0,0.0,0.0,585
TTTCAGTGTGTGCA-1,0.0,0.0,2.0,1024
TTTCCAGAATTCGG-1,0.0,8.0,0.0,4247
TTTCCAGATTGCGA-1,0.0,0.0,0.0,2223
TTTCGAACACAGCT-1,0.0,0.0,5.0,697
TTTCGAACGCTAAC-1,0.0,0.0,0.0,744
TTTCGAACTCCTGC-1,0.0,0.0,1.0,909
TTTGACTGAGTAGA-1,0.0,2.0,3.0,2998
TTTGACTGTGTAGC-1,0.0,0.0,1.0,579
TTTGCATGTCACCC-1,0.0,0.0,0.0,1078
